tilt,azimuth,module_type,altitude,temperature,output
0.0,0.0,monocrystalline,1.0,"{'a': -3.47, 'b': -0.0594, 'deltaT': 3}",56.69825760934048
0.0,0.0,monocrystalline,1.0,"{'a': -2.98, 'b': -0.0471, 'deltaT': 1}",56.329403402144806
0.0,0.0,polycrystalline,1.0,"{'a': -3.47, 'b': -0.0594, 'deltaT': 3}",51.63505326627741
0.0,0.0,polycrystalline,1.0,"{'a': -2.98, 'b': -0.0471, 'deltaT': 1}",51.26247325900905
0.0,0.0,thin-film,1.0,"{'a': -3.47, 'b': -0.0594, 'deltaT': 3}",45.9791612930595
0.0,0.0,thin-film,1.0,"{'a': -2.98, 'b': -0.0471, 'deltaT': 1}",45.845032490442875
0.0,0.0,bifacial,1.0,"{'a': -3.47, 'b': -0.0594, 'deltaT': 3}",54.02532223369509
0.0,0.0,bifacial,1.0,"{'a': -2.98, 'b': -0.0471, 'deltaT': 1}",53.71235502758967
0.0,40.0,monocrystalline,1.0,"{'a': -3.47, 'b': -0.0594, 'deltaT': 3}",56.69825760934048
0.0,40.0,monocrystalline,1.0,"{'a': -2.98, 'b': -0.0471, 'deltaT': 1}",56.329403402144806
0.0,40.0,polycrystalline,1.0,"{'a': -3.47, 'b': -0.0594, 'deltaT': 3}",51.63505326627741
0.0,40.0,polycrystalline,1.0,"{'a': -2.98, 'b': -0.0471, 'deltaT': 1}",51.26247325900905
0.0,40.0,thin-film,1.0,"{'a': -3.47, 'b': -0.0594, 'deltaT': 3}",45.9791612930595
0.0,40.0,thin-film,1.0,"{'a': -2.98, 'b': -0.0471, 'deltaT': 1}",45.845032490442875
0.0,40.0,bifacial,1.0,"{'a': -3.47, 'b': -0.0594, 'deltaT': 3}",54.02532223369509
0.0,40.0,bifacial,1.0,"{'a': -2.98, 'b': -0.0471, 'deltaT': 1}",53.71235502758967
0.0,80.0,monocrystalline,1.0,"{'a': -3.47, 'b': -0.0594, 'deltaT': 3}",56.69825760934048
0.0,80.0,monocrystalline,1.0,"{'a': -2.98, 'b': -0.0471, 'deltaT': 1}",56.329403402144806
0.0,80.0,polycrystalline,1.0,"{'a': -3.47, 'b': -0.0594, 'deltaT': 3}",51.63505326627741
0.0,80.0,polycrystalline,1.0,"{'a': -2.98, 'b': -0.0471, 'deltaT': 1}",51.26247325900905
0.0,80.0,thin-film,1.0,"{'a': -3.47, 'b': -0.0594, 'deltaT': 3}",45.9791612930595
0.0,80.0,thin-film,1.0,"{'a': -2.98, 'b': -0.0471, 'deltaT': 1}",45.845032490442875
0.0,80.0,bifacial,1.0,"{'a': -3.47, 'b': -0.0594, 'deltaT': 3}",54.02532223369509
0.0,80.0,bifacial,1.0,"{'a': -2.98, 'b': -0.0471, 'deltaT': 1}",53.71235502758967
0.0,120.0,monocrystalline,1.0,"{'a': -3.47, 'b': -0.0594, 'deltaT': 3}",56.69825760934048
0.0,120.0,monocrystalline,1.0,"{'a': -2.98, 'b': -0.0471, 'deltaT': 1}",56.329403402144806
0.0,120.0,polycrystalline,1.0,"{'a': -3.47, 'b': -0.0594, 'deltaT': 3}",51.63505326627741
0.0,120.0,polycrystalline,1.0,"{'a': -2.98, 'b': -0.0471, 'deltaT': 1}",51.26247325900905
0.0,120.0,thin-film,1.0,"{'a': -3.47, 'b': -0.0594, 'deltaT': 3}",45.9791612930595
0.0,120.0,thin-film,1.0,"{'a': -2.98, 'b': -0.0471, 'deltaT': 1}",45.845032490442875
0.0,120.0,bifacial,1.0,"{'a': -3.47, 'b': -0.0594, 'deltaT': 3}",54.02532223369509
0.0,120.0,bifacial,1.0,"{'a': -2.98, 'b': -0.0471, 'deltaT': 1}",53.71235502758967
0.0,160.0,monocrystalline,1.0,"{'a': -3.47, 'b': -0.0594, 'deltaT': 3}",56.69825760934048
0.0,160.0,monocrystalline,1.0,"{'a': -2.98, 'b': -0.0471, 'deltaT': 1}",56.329403402144806
0.0,160.0,polycrystalline,1.0,"{'a': -3.47, 'b': -0.0594, 'deltaT': 3}",51.63505326627741
0.0,160.0,polycrystalline,1.0,"{'a': -2.98, 'b': -0.0471, 'deltaT': 1}",51.26247325900905
0.0,160.0,thin-film,1.0,"{'a': -3.47, 'b': -0.0594, 'deltaT': 3}",45.9791612930595
0.0,160.0,thin-film,1.0,"{'a': -2.98, 'b': -0.0471, 'deltaT': 1}",45.845032490442875
0.0,160.0,bifacial,1.0,"{'a': -3.47, 'b': -0.0594, 'deltaT': 3}",54.02532223369509
0.0,160.0,bifacial,1.0,"{'a': -2.98, 'b': -0.0471, 'deltaT': 1}",53.71235502758967
0.0,200.0,monocrystalline,1.0,"{'a': -3.47, 'b': -0.0594, 'deltaT': 3}",56.69825760934048
0.0,200.0,monocrystalline,1.0,"{'a': -2.98, 'b': -0.0471, 'deltaT': 1}",56.329403402144806
0.0,200.0,polycrystalline,1.0,"{'a': -3.47, 'b': -0.0594, 'deltaT': 3}",51.63505326627741
0.0,200.0,polycrystalline,1.0,"{'a': -2.98, 'b': -0.0471, 'deltaT': 1}",51.26247325900905
0.0,200.0,thin-film,1.0,"{'a': -3.47, 'b': -0.0594, 'deltaT': 3}",45.9791612930595
0.0,200.0,thin-film,1.0,"{'a': -2.98, 'b': -0.0471, 'deltaT': 1}",45.845032490442875
0.0,200.0,bifacial,1.0,"{'a': -3.47, 'b': -0.0594, 'deltaT': 3}",54.02532223369509
0.0,200.0,bifacial,1.0,"{'a': -2.98, 'b': -0.0471, 'deltaT': 1}",53.71235502758967
0.0,240.0,monocrystalline,1.0,"{'a': -3.47, 'b': -0.0594, 'deltaT': 3}",56.69825760934048
0.0,240.0,monocrystalline,1.0,"{'a': -2.98, 'b': -0.0471, 'deltaT': 1}",56.329403402144806
0.0,240.0,polycrystalline,1.0,"{'a': -3.47, 'b': -0.0594, 'deltaT': 3}",51.63505326627741
0.0,240.0,polycrystalline,1.0,"{'a': -2.98, 'b': -0.0471, 'deltaT': 1}",51.26247325900905
0.0,240.0,thin-film,1.0,"{'a': -3.47, 'b': -0.0594, 'deltaT': 3}",45.9791612930595
0.0,240.0,thin-film,1.0,"{'a': -2.98, 'b': -0.0471, 'deltaT': 1}",45.845032490442875
0.0,240.0,bifacial,1.0,"{'a': -3.47, 'b': -0.0594, 'deltaT': 3}",54.02532223369509
0.0,240.0,bifacial,1.0,"{'a': -2.98, 'b': -0.0471, 'deltaT': 1}",53.71235502758967
0.0,280.0,monocrystalline,1.0,"{'a': -3.47, 'b': -0.0594, 'deltaT': 3}",56.69825760934048
0.0,280.0,monocrystalline,1.0,"{'a': -2.98, 'b': -0.0471, 'deltaT': 1}",56.329403402144806
0.0,280.0,polycrystalline,1.0,"{'a': -3.47, 'b': -0.0594, 'deltaT': 3}",51.63505326627741
0.0,280.0,polycrystalline,1.0,"{'a': -2.98, 'b': -0.0471, 'deltaT': 1}",51.26247325900905
0.0,280.0,thin-film,1.0,"{'a': -3.47, 'b': -0.0594, 'deltaT': 3}",45.9791612930595
0.0,280.0,thin-film,1.0,"{'a': -2.98, 'b': -0.0471, 'deltaT': 1}",45.845032490442875
0.0,280.0,bifacial,1.0,"{'a': -3.47, 'b': -0.0594, 'deltaT': 3}",54.02532223369509
0.0,280.0,bifacial,1.0,"{'a': -2.98, 'b': -0.0471, 'deltaT': 1}",53.71235502758967
0.0,320.0,monocrystalline,1.0,"{'a': -3.47, 'b': -0.0594, 'deltaT': 3}",56.69825760934048
0.0,320.0,monocrystalline,1.0,"{'a': -2.98, 'b': -0.0471, 'deltaT': 1}",56.329403402144806
0.0,320.0,polycrystalline,1.0,"{'a': -3.47, 'b': -0.0594, 'deltaT': 3}",51.63505326627741
0.0,320.0,polycrystalline,1.0,"{'a': -2.98, 'b': -0.0471, 'deltaT': 1}",51.26247325900905
0.0,320.0,thin-film,1.0,"{'a': -3.47, 'b': -0.0594, 'deltaT': 3}",45.9791612930595
0.0,320.0,thin-film,1.0,"{'a': -2.98, 'b': -0.0471, 'deltaT': 1}",45.845032490442875
0.0,320.0,bifacial,1.0,"{'a': -3.47, 'b': -0.0594, 'deltaT': 3}",54.02532223369509
0.0,320.0,bifacial,1.0,"{'a': -2.98, 'b': -0.0471, 'deltaT': 1}",53.71235502758967
0.0,360.0,monocrystalline,1.0,"{'a': -3.47, 'b': -0.0594, 'deltaT': 3}",56.69825760934048
0.0,360.0,monocrystalline,1.0,"{'a': -2.98, 'b': -0.0471, 'deltaT': 1}",56.329403402144806
0.0,360.0,polycrystalline,1.0,"{'a': -3.47, 'b': -0.0594, 'deltaT': 3}",51.63505326627741
0.0,360.0,polycrystalline,1.0,"{'a': -2.98, 'b': -0.0471, 'deltaT': 1}",51.26247325900905
0.0,360.0,thin-film,1.0,"{'a': -3.47, 'b': -0.0594, 'deltaT': 3}",45.9791612930595
0.0,360.0,thin-film,1.0,"{'a': -2.98, 'b': -0.0471, 'deltaT': 1}",45.845032490442875
0.0,360.0,bifacial,1.0,"{'a': -3.47, 'b': -0.0594, 'deltaT': 3}",54.02532223369509
0.0,360.0,bifacial,1.0,"{'a': -2.98, 'b': -0.0471, 'deltaT': 1}",53.71235502758967
10.0,0.0,monocrystalline,1.0,"{'a': -3.47, 'b': -0.0594, 'deltaT': 3}",52.62655948570323
10.0,0.0,monocrystalline,1.0,"{'a': -2.98, 'b': -0.0471, 'deltaT': 1}",52.31565461233252
10.0,0.0,polycrystalline,1.0,"{'a': -3.47, 'b': -0.0594, 'deltaT': 3}",47.93085633193173
10.0,0.0,polycrystalline,1.0,"{'a': -2.98, 'b': -0.0471, 'deltaT': 1}",47.61681100529465
10.0,0.0,thin-film,1.0,"{'a': -3.47, 'b': -0.0594, 'deltaT': 3}",42.65971125430492
10.0,0.0,thin-film,1.0,"{'a': -2.98, 'b': -0.0471, 'deltaT': 1}",42.54665493671557
10.0,0.0,bifacial,1.0,"{'a': -3.47, 'b': -0.0594, 'deltaT': 3}",50.14148714235967
10.0,0.0,bifacial,1.0,"{'a': -2.98, 'b': -0.0471, 'deltaT': 1}",49.877689067984534
10.0,40.0,monocrystalline,1.0,"{'a': -3.47, 'b': -0.0594, 'deltaT': 3}",55.743664911490654
10.0,40.0,monocrystalline,1.0,"{'a': -2.98, 'b': -0.0471, 'deltaT': 1}",55.383849087021865
10.0,40.0,polycrystalline,1.0,"{'a': -3.47, 'b': -0.0594, 'deltaT': 3}",50.76974788230822
10.0,40.0,polycrystalline,1.0,"{'a': -2.98, 'b': -0.0471, 'deltaT': 1}",50.40629755456198
10.0,40.0,thin-film,1.0,"{'a': -3.47, 'b': -0.0594, 'deltaT': 3}",45.18685318602165
10.0,40.0,thin-film,1.0,"{'a': -2.98, 'b': -0.0471, 'deltaT': 1}",45.056011068033
10.0,40.0,bifacial,1.0,"{'a': -3.47, 'b': -0.0594, 'deltaT': 3}",53.11148864551307
10.0,40.0,bifacial,1.0,"{'a': -2.98, 'b': -0.0471, 'deltaT': 1}",52.80619037020622
10.0,80.0,monocrystalline,1.0,"{'a': -3.47, 'b': -0.0594, 'deltaT': 3}",59.01739845774855
10.0,80.0,monocrystalline,1.0,"{'a': -2.98, 'b': -0.0471, 'deltaT': 1}",58.60270133694025
10.0,80.0,polycrystalline,1.0,"{'a': -3.47, 'b': -0.0594, 'deltaT': 3}",53.74891692594591
10.0,80.0,polycrystalline,1.0,"{'a': -2.98, 'b': -0.0471, 'deltaT': 1}",53.33003094533147
10.0,80.0,thin-film,1.0,"{'a': -3.47, 'b': -0.0594, 'deltaT': 3}",47.851648080372605
10.0,80.0,thin-film,1.0,"{'a': -2.98, 'b': -0.0471, 'deltaT': 1}",47.70084912735141
10.0,80.0,bifacial,1.0,"{'a': -3.47, 'b': -0.0594, 'deltaT': 3}",56.23321610164037
10.0,80.0,bifacial,1.0,"{'a': -2.98, 'b': -0.0471, 'deltaT': 1}",55.881351877924246
10.0,120.0,monocrystalline,1.0,"{'a': -3.47, 'b': -0.0594, 'deltaT': 3}",60.90886349693801
10.0,120.0,monocrystalline,1.0,"{'a': -2.98, 'b': -0.0471, 'deltaT': 1}",60.465130703275015
10.0,120.0,polycrystalline,1.0,"{'a': -3.47, 'b': -0.0594, 'deltaT': 3}",55.46887221172188
10.0,120.0,polycrystalline,1.0,"{'a': -2.98, 'b': -0.0471, 'deltaT': 1}",55.02065726862796
10.0,120.0,thin-film,1.0,"{'a': -3.47, 'b': -0.0594, 'deltaT': 3}",49.397223123128995
10.0,120.0,thin-film,1.0,"{'a': -2.98, 'b': -0.0471, 'deltaT': 1}",49.23586574361517
10.0,120.0,bifacial,1.0,"{'a': -3.47, 'b': -0.0594, 'deltaT': 3}",58.03824176275549
10.0,120.0,bifacial,1.0,"{'a': -2.98, 'b': -0.0471, 'deltaT': 1}",57.66174121055658
10.0,160.0,monocrystalline,1.0,"{'a': -3.47, 'b': -0.0594, 'deltaT': 3}",60.53228878027043
10.0,160.0,monocrystalline,1.0,"{'a': -2.98, 'b': -0.0471, 'deltaT': 1}",60.09793341684118
10.0,160.0,polycrystalline,1.0,"{'a': -3.47, 'b': -0.0594, 'deltaT': 3}",55.12405675038562
10.0,160.0,polycrystalline,1.0,"{'a': -2.98, 'b': -0.0471, 'deltaT': 1}",54.68531395904295
10.0,160.0,thin-film,1.0,"{'a': -3.47, 'b': -0.0594, 'deltaT': 3}",49.10025318095584
10.0,160.0,thin-film,1.0,"{'a': -2.98, 'b': -0.0471, 'deltaT': 1}",48.94230577607248
10.0,160.0,bifacial,1.0,"{'a': -3.47, 'b': -0.0594, 'deltaT': 3}",57.68138262897499
10.0,160.0,bifacial,1.0,"{'a': -2.98, 'b': -0.0471, 'deltaT': 1}",57.31283868424715
10.0,200.0,monocrystalline,1.0,"{'a': -3.47, 'b': -0.0594, 'deltaT': 3}",58.17594540824641
10.0,200.0,monocrystalline,1.0,"{'a': -2.98, 'b': -0.0471, 'deltaT': 1}",57.77863700547059
10.0,200.0,polycrystalline,1.0,"{'a': -3.47, 'b': -0.0594, 'deltaT': 3}",52.977117252252235
10.0,200.0,polycrystalline,1.0,"{'a': -2.98, 'b': -0.0471, 'deltaT': 1}",52.57579563328676
10.0,200.0,thin-film,1.0,"{'a': -3.47, 'b': -0.0594, 'deltaT': 3}",47.1939770962564
10.0,200.0,thin-film,1.0,"{'a': -2.98, 'b': -0.0471, 'deltaT': 1}",47.04950131342882
10.0,200.0,bifacial,1.0,"{'a': -3.47, 'b': -0.0594, 'deltaT': 3}",55.43719539178739
10.0,200.0,bifacial,1.0,"{'a': -2.98, 'b': -0.0471, 'deltaT': 1}",55.10008523185638
10.0,240.0,monocrystalline,1.0,"{'a': -3.47, 'b': -0.0594, 'deltaT': 3}",54.954057567020286
10.0,240.0,monocrystalline,1.0,"{'a': -2.98, 'b': -0.0471, 'deltaT': 1}",54.603081523220474
10.0,240.0,polycrystalline,1.0,"{'a': -3.47, 'b': -0.0594, 'deltaT': 3}",50.04331443961627
10.0,240.0,polycrystalline,1.0,"{'a': -2.98, 'b': -0.0471, 'deltaT': 1}",49.688793183252834
10.0,240.0,thin-film,1.0,"{'a': -3.47, 'b': -0.0594, 'deltaT': 3}",44.57954944164454
10.0,240.0,thin-film,1.0,"{'a': -2.98, 'b': -0.0471, 'deltaT': 1}",44.451921789353705
10.0,240.0,bifacial,1.0,"{'a': -3.47, 'b': -0.0594, 'deltaT': 3}",52.36681155725982
10.0,240.0,bifacial,1.0,"{'a': -2.98, 'b': -0.0471, 'deltaT': 1}",52.069013701914535
10.0,280.0,monocrystalline,1.0,"{'a': -3.47, 'b': -0.0594, 'deltaT': 3}",52.2389465372898
10.0,280.0,monocrystalline,1.0,"{'a': -2.98, 'b': -0.0471, 'deltaT': 1}",51.92732181301395
10.0,280.0,polycrystalline,1.0,"{'a': -3.47, 'b': -0.0594, 'deltaT': 3}",47.57277176445626
10.0,280.0,polycrystalline,1.0,"{'a': -2.98, 'b': -0.0471, 'deltaT': 1}",47.257999315692764
10.0,280.0,thin-film,1.0,"{'a': -3.47, 'b': -0.0594, 'deltaT': 3}",42.368264606642185
10.0,280.0,thin-film,1.0,"{'a': -2.98, 'b': -0.0471, 'deltaT': 1}",42.254946525087334
10.0,280.0,bifacial,1.0,"{'a': -3.47, 'b': -0.0594, 'deltaT': 3}",49.77748758214691
10.0,280.0,bifacial,1.0,"{'a': -2.98, 'b': -0.0471, 'deltaT': 1}",49.51307872518557
10.0,320.0,monocrystalline,1.0,"{'a': -3.47, 'b': -0.0594, 'deltaT': 3}",51.231342408658655
10.0,320.0,monocrystalline,1.0,"{'a': -2.98, 'b': -0.0471, 'deltaT': 1}",50.937413494343915
10.0,320.0,polycrystalline,1.0,"{'a': -3.47, 'b': -0.0594, 'deltaT': 3}",46.657977570240824
10.0,320.0,polycrystalline,1.0,"{'a': -2.98, 'b': -0.0471, 'deltaT': 1}",46.36107967699361
10.0,320.0,thin-film,1.0,"{'a': -3.47, 'b': -0.0594, 'deltaT': 3}",41.53841821278607
10.0,320.0,thin-film,1.0,"{'a': -2.98, 'b': -0.0471, 'deltaT': 1}",41.43153497121708
10.0,320.0,bifacial,1.0,"{'a': -3.47, 'b': -0.0594, 'deltaT': 3}",48.814413604140945
10.0,320.0,bifacial,1.0,"{'a': -2.98, 'b': -0.0471, 'deltaT': 1}",48.565019373813286
10.0,360.0,monocrystalline,1.0,"{'a': -3.47, 'b': -0.0594, 'deltaT': 3}",52.62655948570323
10.0,360.0,monocrystalline,1.0,"{'a': -2.98, 'b': -0.0471, 'deltaT': 1}",52.31565461233252
10.0,360.0,polycrystalline,1.0,"{'a': -3.47, 'b': -0.0594, 'deltaT': 3}",47.93085633193173
10.0,360.0,polycrystalline,1.0,"{'a': -2.98, 'b': -0.0471, 'deltaT': 1}",47.61681100529465
10.0,360.0,thin-film,1.0,"{'a': -3.47, 'b': -0.0594, 'deltaT': 3}",42.65971125430492
10.0,360.0,thin-film,1.0,"{'a': -2.98, 'b': -0.0471, 'deltaT': 1}",42.54665493671557
10.0,360.0,bifacial,1.0,"{'a': -3.47, 'b': -0.0594, 'deltaT': 3}",50.14148714235967
10.0,360.0,bifacial,1.0,"{'a': -2.98, 'b': -0.0471, 'deltaT': 1}",49.877689067984534
20.0,0.0,monocrystalline,1.0,"{'a': -3.47, 'b': -0.0594, 'deltaT': 3}",47.68027327791243
20.0,0.0,monocrystalline,1.0,"{'a': -2.98, 'b': -0.0471, 'deltaT': 1}",47.429815924755346
20.0,0.0,polycrystalline,1.0,"{'a': -3.47, 'b': -0.0594, 'deltaT': 3}",43.43138296065788
20.0,0.0,polycrystalline,1.0,"{'a': -2.98, 'b': -0.0471, 'deltaT': 1}",43.178395735246696
20.0,0.0,thin-film,1.0,"{'a': -3.47, 'b': -0.0594, 'deltaT': 3}",38.6255727686096
20.0,0.0,thin-film,1.0,"{'a': -2.98, 'b': -0.0471, 'deltaT': 1}",38.53449736746157
20.0,0.0,bifacial,1.0,"{'a': -3.47, 'b': -0.0594, 'deltaT': 3}",45.42302414914203
20.0,0.0,bifacial,1.0,"{'a': -2.98, 'b': -0.0471, 'deltaT': 1}",45.210514879796634
20.0,40.0,monocrystalline,1.0,"{'a': -3.47, 'b': -0.0594, 'deltaT': 3}",53.560393860820014
20.0,40.0,monocrystalline,1.0,"{'a': -2.98, 'b': -0.0471, 'deltaT': 1}",53.212149031251705
20.0,40.0,polycrystalline,1.0,"{'a': -3.47, 'b': -0.0594, 'deltaT': 3}",48.78492992924041
20.0,40.0,polycrystalline,1.0,"{'a': -2.98, 'b': -0.0471, 'deltaT': 1}",48.433167475131
20.0,40.0,thin-film,1.0,"{'a': -3.47, 'b': -0.0594, 'deltaT': 3}",43.40065790789822
20.0,40.0,thin-film,1.0,"{'a': -2.98, 'b': -0.0471, 'deltaT': 1}",43.274023424418836
20.0,40.0,bifacial,1.0,"{'a': -3.47, 'b': -0.0594, 'deltaT': 3}",51.027484581317594
20.0,40.0,bifacial,1.0,"{'a': -2.98, 'b': -0.0471, 'deltaT': 1}",50.7320041198657
20.0,80.0,monocrystalline,1.0,"{'a': -3.47, 'b': -0.0594, 'deltaT': 3}",59.98514110378281
20.0,80.0,monocrystalline,1.0,"{'a': -2.98, 'b': -0.0471, 'deltaT': 1}",59.52285242182427
20.0,80.0,polycrystalline,1.0,"{'a': -3.47, 'b': -0.0594, 'deltaT': 3}",54.63050014115923
20.0,80.0,polycrystalline,1.0,"{'a': -2.98, 'b': -0.0471, 'deltaT': 1}",54.16354187655466
20.0,80.0,thin-film,1.0,"{'a': -3.47, 'b': -0.0594, 'deltaT': 3}",48.63526023789903
20.0,80.0,thin-film,1.0,"{'a': -2.98, 'b': -0.0471, 'deltaT': 1}",48.46715526264139
20.0,80.0,bifacial,1.0,"{'a': -3.47, 'b': -0.0594, 'deltaT': 3}",57.15506241354998
20.0,80.0,bifacial,1.0,"{'a': -2.98, 'b': -0.0471, 'deltaT': 1}",56.76281747128215
20.0,120.0,monocrystalline,1.0,"{'a': -3.47, 'b': -0.0594, 'deltaT': 3}",63.704055087033645
20.0,120.0,monocrystalline,1.0,"{'a': -2.98, 'b': -0.0471, 'deltaT': 1}",63.188538635748195
20.0,120.0,polycrystalline,1.0,"{'a': -3.47, 'b': -0.0594, 'deltaT': 3}",58.01281000946947
20.0,120.0,polycrystalline,1.0,"{'a': -2.98, 'b': -0.0471, 'deltaT': 1}",57.49208632130234
20.0,120.0,thin-film,1.0,"{'a': -3.47, 'b': -0.0594, 'deltaT': 3}",51.67135265737077
20.0,120.0,thin-film,1.0,"{'a': -2.98, 'b': -0.0471, 'deltaT': 1}",51.4838921296306
20.0,120.0,bifacial,1.0,"{'a': -3.47, 'b': -0.0594, 'deltaT': 3}",60.70338192893949
20.0,120.0,bifacial,1.0,"{'a': -2.98, 'b': -0.0471, 'deltaT': 1}",60.26597403087909
20.0,160.0,monocrystalline,1.0,"{'a': -3.47, 'b': -0.0594, 'deltaT': 3}",62.99095989494145
20.0,160.0,monocrystalline,1.0,"{'a': -2.98, 'b': -0.0471, 'deltaT': 1}",62.503962668548255
20.0,160.0,polycrystalline,1.0,"{'a': -3.47, 'b': -0.0594, 'deltaT': 3}",57.36152994785913
20.0,160.0,polycrystalline,1.0,"{'a': -2.98, 'b': -0.0471, 'deltaT': 1}",56.869613557562964
20.0,160.0,thin-film,1.0,"{'a': -3.47, 'b': -0.0594, 'deltaT': 3}",51.10146380980104
20.0,160.0,thin-film,1.0,"{'a': -2.98, 'b': -0.0471, 'deltaT': 1}",50.92437390929442
20.0,160.0,bifacial,1.0,"{'a': -3.47, 'b': -0.0594, 'deltaT': 3}",60.02586244509068
20.0,160.0,bifacial,1.0,"{'a': -2.98, 'b': -0.0471, 'deltaT': 1}",59.61265267724191
20.0,200.0,monocrystalline,1.0,"{'a': -3.47, 'b': -0.0594, 'deltaT': 3}",58.632753744975574
20.0,200.0,monocrystalline,1.0,"{'a': -2.98, 'b': -0.0471, 'deltaT': 1}",58.21945234717695
20.0,200.0,polycrystalline,1.0,"{'a': -3.47, 'b': -0.0594, 'deltaT': 3}",53.39157679433146
20.0,200.0,polycrystalline,1.0,"{'a': -2.98, 'b': -0.0471, 'deltaT': 1}",52.97410063493891
20.0,200.0,thin-film,1.0,"{'a': -3.47, 'b': -0.0594, 'deltaT': 3}",47.571422809933956
20.0,200.0,thin-film,1.0,"{'a': -2.98, 'b': -0.0471, 'deltaT': 1}",47.42113139255263
20.0,200.0,bifacial,1.0,"{'a': -3.47, 'b': -0.0594, 'deltaT': 3}",55.87410151545078
20.0,200.0,bifacial,1.0,"{'a': -2.98, 'b': -0.0471, 'deltaT': 1}",55.523421541561035
20.0,240.0,monocrystalline,1.0,"{'a': -3.47, 'b': -0.0594, 'deltaT': 3}",52.944738786626246
20.0,240.0,monocrystalline,1.0,"{'a': -2.98, 'b': -0.0471, 'deltaT': 1}",52.6129661339344
20.0,240.0,polycrystalline,1.0,"{'a': -3.47, 'b': -0.0594, 'deltaT': 3}",48.21289359868416
20.0,240.0,polycrystalline,1.0,"{'a': -2.98, 'b': -0.0471, 'deltaT': 1}",47.87776970707623
20.0,240.0,thin-film,1.0,"{'a': -3.47, 'b': -0.0594, 'deltaT': 3}",42.952514667541045
20.0,240.0,thin-film,1.0,"{'a': -2.98, 'b': -0.0471, 'deltaT': 1}",42.83187006656219
20.0,240.0,bifacial,1.0,"{'a': -3.47, 'b': -0.0594, 'deltaT': 3}",50.45278122312265
20.0,240.0,bifacial,1.0,"{'a': -2.98, 'b': -0.0471, 'deltaT': 1}",50.171277154171996
20.0,280.0,monocrystalline,1.0,"{'a': -3.47, 'b': -0.0594, 'deltaT': 3}",47.87965514891967
20.0,280.0,monocrystalline,1.0,"{'a': -2.98, 'b': -0.0471, 'deltaT': 1}",47.616786043528485
20.0,280.0,polycrystalline,1.0,"{'a': -3.47, 'b': -0.0594, 'deltaT': 3}",43.60435493892827
20.0,280.0,polycrystalline,1.0,"{'a': -2.98, 'b': -0.0471, 'deltaT': 1}",43.33883059004829
20.0,280.0,thin-film,1.0,"{'a': -3.47, 'b': -0.0594, 'deltaT': 3}",38.82598259679205
20.0,280.0,thin-film,1.0,"{'a': -2.98, 'b': -0.0471, 'deltaT': 1}",38.73039383119526
20.0,280.0,bifacial,1.0,"{'a': -3.47, 'b': -0.0594, 'deltaT': 3}",45.62204168933559
20.0,280.0,bifacial,1.0,"{'a': -2.98, 'b': -0.0471, 'deltaT': 1}",45.399001236276405
20.0,320.0,monocrystalline,1.0,"{'a': -3.47, 'b': -0.0594, 'deltaT': 3}",45.373898550406146
20.0,320.0,monocrystalline,1.0,"{'a': -2.98, 'b': -0.0471, 'deltaT': 1}",45.14876198557851
20.0,320.0,polycrystalline,1.0,"{'a': -3.47, 'b': -0.0594, 'deltaT': 3}",41.327236565237
20.0,320.0,polycrystalline,1.0,"{'a': -2.98, 'b': -0.0471, 'deltaT': 1}",41.09982589369395
20.0,320.0,thin-film,1.0,"{'a': -3.47, 'b': -0.0594, 'deltaT': 3}",36.772028340245456
20.0,320.0,thin-film,1.0,"{'a': -2.98, 'b': -0.0471, 'deltaT': 1}",36.69016049848995
20.0,320.0,bifacial,1.0,"{'a': -3.47, 'b': -0.0594, 'deltaT': 3}",43.229298839094696
20.0,320.0,bifacial,1.0,"{'a': -2.98, 'b': -0.0471, 'deltaT': 1}",43.03827387499853
20.0,360.0,monocrystalline,1.0,"{'a': -3.47, 'b': -0.0594, 'deltaT': 3}",47.68027327791243
20.0,360.0,monocrystalline,1.0,"{'a': -2.98, 'b': -0.0471, 'deltaT': 1}",47.429815924755346
20.0,360.0,polycrystalline,1.0,"{'a': -3.47, 'b': -0.0594, 'deltaT': 3}",43.43138296065788
20.0,360.0,polycrystalline,1.0,"{'a': -2.98, 'b': -0.0471, 'deltaT': 1}",43.178395735246696
20.0,360.0,thin-film,1.0,"{'a': -3.47, 'b': -0.0594, 'deltaT': 3}",38.6255727686096
20.0,360.0,thin-film,1.0,"{'a': -2.98, 'b': -0.0471, 'deltaT': 1}",38.53449736746157
20.0,360.0,bifacial,1.0,"{'a': -3.47, 'b': -0.0594, 'deltaT': 3}",45.42302414914203
20.0,360.0,bifacial,1.0,"{'a': -2.98, 'b': -0.0471, 'deltaT': 1}",45.210514879796634
30.0,0.0,monocrystalline,1.0,"{'a': -3.47, 'b': -0.0594, 'deltaT': 3}",42.310275324797146
30.0,0.0,monocrystalline,1.0,"{'a': -2.98, 'b': -0.0471, 'deltaT': 1}",42.116827405084926
30.0,0.0,polycrystalline,1.0,"{'a': -3.47, 'b': -0.0594, 'deltaT': 3}",38.547710178482596
30.0,0.0,polycrystalline,1.0,"{'a': -2.98, 'b': -0.0471, 'deltaT': 1}",38.35230823937934
30.0,0.0,thin-film,1.0,"{'a': -3.47, 'b': -0.0594, 'deltaT': 3}",34.24029215492343
30.0,0.0,thin-film,1.0,"{'a': -2.98, 'b': -0.0471, 'deltaT': 1}",34.16994745684626
30.0,0.0,bifacial,1.0,"{'a': -3.47, 'b': -0.0594, 'deltaT': 3}",40.29906629629693
30.0,0.0,bifacial,1.0,"{'a': -2.98, 'b': -0.0471, 'deltaT': 1}",40.13492866745019
30.0,40.0,monocrystalline,1.0,"{'a': -3.47, 'b': -0.0594, 'deltaT': 3}",50.4298630405725
30.0,40.0,monocrystalline,1.0,"{'a': -2.98, 'b': -0.0471, 'deltaT': 1}",50.09443418007107
30.0,40.0,polycrystalline,1.0,"{'a': -3.47, 'b': -0.0594, 'deltaT': 3}",45.937441374914705
30.0,40.0,polycrystalline,1.0,"{'a': -2.98, 'b': -0.0471, 'deltaT': 1}",45.59862434410519
30.0,40.0,thin-film,1.0,"{'a': -3.47, 'b': -0.0594, 'deltaT': 3}",40.84629601205791
30.0,40.0,thin-film,1.0,"{'a': -2.98, 'b': -0.0471, 'deltaT': 1}",40.72432188096649
30.0,40.0,bifacial,1.0,"{'a': -3.47, 'b': -0.0594, 'deltaT': 3}",48.040879633796145
30.0,40.0,bifacial,1.0,"{'a': -2.98, 'b': -0.0471, 'deltaT': 1}",47.75627332791615
30.0,80.0,monocrystalline,1.0,"{'a': -3.47, 'b': -0.0594, 'deltaT': 3}",59.71368578427284
30.0,80.0,monocrystalline,1.0,"{'a': -2.98, 'b': -0.0471, 'deltaT': 1}",59.20737920595142
30.0,80.0,polycrystalline,1.0,"{'a': -3.47, 'b': -0.0594, 'deltaT': 3}",54.38277091359367
30.0,80.0,polycrystalline,1.0,"{'a': -2.98, 'b': -0.0471, 'deltaT': 1}",53.87135012741041
30.0,80.0,thin-film,1.0,"{'a': -3.47, 'b': -0.0594, 'deltaT': 3}",48.41744292071336
30.0,80.0,thin-film,1.0,"{'a': -2.98, 'b': -0.0471, 'deltaT': 1}",48.23333143768739
30.0,80.0,bifacial,1.0,"{'a': -3.47, 'b': -0.0594, 'deltaT': 3}",56.89694521979299
30.0,80.0,bifacial,1.0,"{'a': -2.98, 'b': -0.0471, 'deltaT': 1}",56.467351759399044
30.0,120.0,monocrystalline,1.0,"{'a': -3.47, 'b': -0.0594, 'deltaT': 3}",65.06302238452223
30.0,120.0,monocrystalline,1.0,"{'a': -2.98, 'b': -0.0471, 'deltaT': 1}",64.4869932762359
30.0,120.0,polycrystalline,1.0,"{'a': -3.47, 'b': -0.0594, 'deltaT': 3}",59.24906375986523
30.0,120.0,polycrystalline,1.0,"{'a': -2.98, 'b': -0.0471, 'deltaT': 1}",58.667216175737636
30.0,120.0,thin-film,1.0,"{'a': -3.47, 'b': -0.0594, 'deltaT': 3}",52.779504786442786
30.0,120.0,thin-film,1.0,"{'a': -2.98, 'b': -0.0471, 'deltaT': 1}",52.570039656156844
30.0,120.0,bifacial,1.0,"{'a': -3.47, 'b': -0.0594, 'deltaT': 3}",61.999707604411206
30.0,120.0,bifacial,1.0,"{'a': -2.98, 'b': -0.0471, 'deltaT': 1}",61.51095563374402
30.0,160.0,monocrystalline,1.0,"{'a': -3.47, 'b': -0.0594, 'deltaT': 3}",64.029613766968
30.0,160.0,monocrystalline,1.0,"{'a': -2.98, 'b': -0.0471, 'deltaT': 1}",63.508880399915704
30.0,160.0,polycrystalline,1.0,"{'a': -3.47, 'b': -0.0594, 'deltaT': 3}",58.307761864553434
30.0,160.0,polycrystalline,1.0,"{'a': -2.98, 'b': -0.0471, 'deltaT': 1}",57.78176856450061
30.0,160.0,thin-film,1.0,"{'a': -3.47, 'b': -0.0594, 'deltaT': 3}",51.94226646553426
30.0,160.0,thin-film,1.0,"{'a': -2.98, 'b': -0.0471, 'deltaT': 1}",51.75290887751524
30.0,160.0,bifacial,1.0,"{'a': -3.47, 'b': -0.0594, 'deltaT': 3}",61.01520359733961
30.0,160.0,bifacial,1.0,"{'a': -2.98, 'b': -0.0471, 'deltaT': 1}",60.573369225295245
30.0,200.0,monocrystalline,1.0,"{'a': -3.47, 'b': -0.0594, 'deltaT': 3}",58.02322792212268
30.0,200.0,monocrystalline,1.0,"{'a': -2.98, 'b': -0.0471, 'deltaT': 1}",57.609694465807706
30.0,200.0,polycrystalline,1.0,"{'a': -3.47, 'b': -0.0594, 'deltaT': 3}",52.837430809430245
30.0,200.0,polycrystalline,1.0,"{'a': -2.98, 'b': -0.0471, 'deltaT': 1}",52.41972024749592
30.0,200.0,thin-film,1.0,"{'a': -3.47, 'b': -0.0594, 'deltaT': 3}",47.07286206616617
30.0,200.0,thin-film,1.0,"{'a': -2.98, 'b': -0.0471, 'deltaT': 1}",46.922486263869814
30.0,200.0,bifacial,1.0,"{'a': -3.47, 'b': -0.0594, 'deltaT': 3}",55.29231459233246
30.0,200.0,bifacial,1.0,"{'a': -2.98, 'b': -0.0471, 'deltaT': 1}",54.941437720307626
30.0,240.0,monocrystalline,1.0,"{'a': -3.47, 'b': -0.0594, 'deltaT': 3}",50.523664526841074
30.0,240.0,monocrystalline,1.0,"{'a': -2.98, 'b': -0.0471, 'deltaT': 1}",50.21582623512399
30.0,240.0,polycrystalline,1.0,"{'a': -3.47, 'b': -0.0594, 'deltaT': 3}",46.00955783217058
30.0,240.0,polycrystalline,1.0,"{'a': -2.98, 'b': -0.0471, 'deltaT': 1}",45.6986100627594
30.0,240.0,thin-film,1.0,"{'a': -3.47, 'b': -0.0594, 'deltaT': 3}",40.98225197790672
30.0,240.0,thin-film,1.0,"{'a': -2.98, 'b': -0.0471, 'deltaT': 1}",40.8703107809187
30.0,240.0,bifacial,1.0,"{'a': -3.47, 'b': -0.0594, 'deltaT': 3}",48.14423291837202
30.0,240.0,bifacial,1.0,"{'a': -2.98, 'b': -0.0471, 'deltaT': 1}",47.883036792066626
30.0,280.0,monocrystalline,1.0,"{'a': -3.47, 'b': -0.0594, 'deltaT': 3}",43.71479894185632
30.0,280.0,monocrystalline,1.0,"{'a': -2.98, 'b': -0.0471, 'deltaT': 1}",43.49410361878058
30.0,280.0,polycrystalline,1.0,"{'a': -3.47, 'b': -0.0594, 'deltaT': 3}",39.81469253805077
30.0,280.0,polycrystalline,1.0,"{'a': -2.98, 'b': -0.0471, 'deltaT': 1}",39.591767969287396
30.0,280.0,thin-film,1.0,"{'a': -3.47, 'b': -0.0594, 'deltaT': 3}",35.43380565697528
30.0,280.0,thin-film,1.0,"{'a': -2.98, 'b': -0.0471, 'deltaT': 1}",35.35355281222047
30.0,280.0,bifacial,1.0,"{'a': -3.47, 'b': -0.0594, 'deltaT': 3}",41.650098087681485
30.0,280.0,bifacial,1.0,"{'a': -2.98, 'b': -0.0471, 'deltaT': 1}",41.46284144992025
30.0,320.0,monocrystalline,1.0,"{'a': -3.47, 'b': -0.0594, 'deltaT': 3}",39.55777140585209
30.0,320.0,monocrystalline,1.0,"{'a': -2.98, 'b': -0.0471, 'deltaT': 1}",39.39107407065235
30.0,320.0,polycrystalline,1.0,"{'a': -3.47, 'b': -0.0594, 'deltaT': 3}",36.03578332680161
30.0,320.0,polycrystalline,1.0,"{'a': -2.98, 'b': -0.0471, 'deltaT': 1}",35.86740218013521
30.0,320.0,thin-film,1.0,"{'a': -3.47, 'b': -0.0594, 'deltaT': 3}",32.03167102175754
30.0,320.0,thin-film,1.0,"{'a': -2.98, 'b': -0.0471, 'deltaT': 1}",31.97105380895763
30.0,320.0,bifacial,1.0,"{'a': -3.47, 'b': -0.0594, 'deltaT': 3}",37.68180928166684
30.0,320.0,bifacial,1.0,"{'a': -2.98, 'b': -0.0471, 'deltaT': 1}",37.540369118467055
30.0,360.0,monocrystalline,1.0,"{'a': -3.47, 'b': -0.0594, 'deltaT': 3}",42.310275324797146
30.0,360.0,monocrystalline,1.0,"{'a': -2.98, 'b': -0.0471, 'deltaT': 1}",42.116827405084926
30.0,360.0,polycrystalline,1.0,"{'a': -3.47, 'b': -0.0594, 'deltaT': 3}",38.547710178482596
30.0,360.0,polycrystalline,1.0,"{'a': -2.98, 'b': -0.0471, 'deltaT': 1}",38.35230823937934
30.0,360.0,thin-film,1.0,"{'a': -3.47, 'b': -0.0594, 'deltaT': 3}",34.24029215492343
30.0,360.0,thin-film,1.0,"{'a': -2.98, 'b': -0.0471, 'deltaT': 1}",34.16994745684625
30.0,360.0,bifacial,1.0,"{'a': -3.47, 'b': -0.0594, 'deltaT': 3}",40.29906629629693
30.0,360.0,bifacial,1.0,"{'a': -2.98, 'b': -0.0471, 'deltaT': 1}",40.13492866745019
40.0,0.0,monocrystalline,1.0,"{'a': -3.47, 'b': -0.0594, 'deltaT': 3}",36.76309440342917
40.0,0.0,monocrystalline,1.0,"{'a': -2.98, 'b': -0.0471, 'deltaT': 1}",36.6191925778377
40.0,0.0,polycrystalline,1.0,"{'a': -3.47, 'b': -0.0594, 'deltaT': 3}",33.5030128894283
40.0,0.0,polycrystalline,1.0,"{'a': -2.98, 'b': -0.0471, 'deltaT': 1}",33.35765751004298
40.0,0.0,thin-film,1.0,"{'a': -3.47, 'b': -0.0594, 'deltaT': 3}",29.709814523497656
40.0,0.0,thin-film,1.0,"{'a': -2.98, 'b': -0.0471, 'deltaT': 1}",29.65748658691894
40.0,0.0,bifacial,1.0,"{'a': -3.47, 'b': -0.0594, 'deltaT': 3}",35.00592578173779
40.0,0.0,bifacial,1.0,"{'a': -2.98, 'b': -0.0471, 'deltaT': 1}",34.883827263054116
40.0,40.0,monocrystalline,1.0,"{'a': -3.47, 'b': -0.0594, 'deltaT': 3}",46.713459329498924
40.0,40.0,monocrystalline,1.0,"{'a': -2.98, 'b': -0.0471, 'deltaT': 1}",46.39104263421667
40.0,40.0,polycrystalline,1.0,"{'a': -3.47, 'b': -0.0594, 'deltaT': 3}",42.55651977973379
40.0,40.0,polycrystalline,1.0,"{'a': -2.98, 'b': -0.0471, 'deltaT': 1}",42.23084635015574
40.0,40.0,thin-film,1.0,"{'a': -3.47, 'b': -0.0594, 'deltaT': 3}",37.81627951782906
40.0,40.0,thin-film,1.0,"{'a': -2.98, 'b': -0.0471, 'deltaT': 1}",37.69903708318096
40.0,40.0,bifacial,1.0,"{'a': -3.47, 'b': -0.0594, 'deltaT': 3}",44.49589476941384
40.0,40.0,bifacial,1.0,"{'a': -2.98, 'b': -0.0471, 'deltaT': 1}",44.22232908856828
40.0,80.0,monocrystalline,1.0,"{'a': -3.47, 'b': -0.0594, 'deltaT': 3}",58.392462454063974
40.0,80.0,monocrystalline,1.0,"{'a': -2.98, 'b': -0.0471, 'deltaT': 1}",57.85086885230597
40.0,80.0,polycrystalline,1.0,"{'a': -3.47, 'b': -0.0594, 'deltaT': 3}",53.178842487187715
40.0,80.0,polycrystalline,1.0,"{'a': -2.98, 'b': -0.0471, 'deltaT': 1}",52.631778242987714
40.0,80.0,thin-film,1.0,"{'a': -3.47, 'b': -0.0594, 'deltaT': 3}",47.349115400332934
40.0,80.0,thin-film,1.0,"{'a': -2.98, 'b': -0.0471, 'deltaT': 1}",47.15217227242094
40.0,80.0,bifacial,1.0,"{'a': -3.47, 'b': -0.0594, 'deltaT': 3}",55.63873461893865
40.0,80.0,bifacial,1.0,"{'a': -2.98, 'b': -0.0471, 'deltaT': 1}",55.17920065381066
40.0,120.0,monocrystalline,1.0,"{'a': -3.47, 'b': -0.0594, 'deltaT': 3}",65.00287535608557
40.0,120.0,monocrystalline,1.0,"{'a': -2.98, 'b': -0.0471, 'deltaT': 1}",64.3847391018431
40.0,120.0,polycrystalline,1.0,"{'a': -3.47, 'b': -0.0594, 'deltaT': 3}",59.19417290825893
40.0,120.0,polycrystalline,1.0,"{'a': -2.98, 'b': -0.0471, 'deltaT': 1}",58.569792853468556
40.0,120.0,thin-film,1.0,"{'a': -3.47, 'b': -0.0594, 'deltaT': 3}",52.73124638816394
40.0,120.0,thin-film,1.0,"{'a': -2.98, 'b': -0.0471, 'deltaT': 1}",52.5064695684394
40.0,120.0,bifacial,1.0,"{'a': -3.47, 'b': -0.0594, 'deltaT': 3}",61.942516853400555
40.0,120.0,bifacial,1.0,"{'a': -2.98, 'b': -0.0471, 'deltaT': 1}",61.418037607376654
40.0,160.0,monocrystalline,1.0,"{'a': -3.47, 'b': -0.0594, 'deltaT': 3}",63.58128030099564
40.0,160.0,monocrystalline,1.0,"{'a': -2.98, 'b': -0.0471, 'deltaT': 1}",63.04978267997366
40.0,160.0,polycrystalline,1.0,"{'a': -3.47, 'b': -0.0594, 'deltaT': 3}",57.90223730651735
40.0,160.0,polycrystalline,1.0,"{'a': -2.98, 'b': -0.0471, 'deltaT': 1}",57.36537102265677
40.0,160.0,thin-film,1.0,"{'a': -3.47, 'b': -0.0594, 'deltaT': 3}",51.56621723465052
40.0,160.0,thin-film,1.0,"{'a': -2.98, 'b': -0.0471, 'deltaT': 1}",51.37294537246072
40.0,160.0,bifacial,1.0,"{'a': -3.47, 'b': -0.0594, 'deltaT': 3}",60.58509503914846
40.0,160.0,bifacial,1.0,"{'a': -2.98, 'b': -0.0471, 'deltaT': 1}",60.134127360705556
40.0,200.0,monocrystalline,1.0,"{'a': -3.47, 'b': -0.0594, 'deltaT': 3}",56.30312518047898
40.0,200.0,monocrystalline,1.0,"{'a': -2.98, 'b': -0.0471, 'deltaT': 1}",55.90600310534857
40.0,200.0,polycrystalline,1.0,"{'a': -3.47, 'b': -0.0594, 'deltaT': 3}",51.27425595524996
40.0,200.0,polycrystalline,1.0,"{'a': -2.98, 'b': -0.0471, 'deltaT': 1}",50.87312254602732
40.0,200.0,thin-film,1.0,"{'a': -3.47, 'b': -0.0594, 'deltaT': 3}",45.663008178271966
40.0,200.0,thin-film,1.0,"{'a': -2.98, 'b': -0.0471, 'deltaT': 1}",45.51860015095181
40.0,200.0,bifacial,1.0,"{'a': -3.47, 'b': -0.0594, 'deltaT': 3}",53.64981568244741
40.0,200.0,bifacial,1.0,"{'a': -2.98, 'b': -0.0471, 'deltaT': 1}",53.31286361870038
40.0,240.0,monocrystalline,1.0,"{'a': -3.47, 'b': -0.0594, 'deltaT': 3}",47.54149529831879
40.0,240.0,monocrystalline,1.0,"{'a': -2.98, 'b': -0.0471, 'deltaT': 1}",47.263382457502814
40.0,240.0,polycrystalline,1.0,"{'a': -3.47, 'b': -0.0594, 'deltaT': 3}",43.29662942341338
40.0,240.0,polycrystalline,1.0,"{'a': -2.98, 'b': -0.0471, 'deltaT': 1}",43.015707361983104
40.0,240.0,thin-film,1.0,"{'a': -3.47, 'b': -0.0594, 'deltaT': 3}",38.550689968204786
40.0,240.0,thin-film,1.0,"{'a': -2.98, 'b': -0.0471, 'deltaT': 1}",38.449558026089875
40.0,240.0,bifacial,1.0,"{'a': -3.47, 'b': -0.0594, 'deltaT': 3}",45.29957558402456
40.0,240.0,bifacial,1.0,"{'a': -2.98, 'b': -0.0471, 'deltaT': 1}",45.063601052423124
40.0,280.0,monocrystalline,1.0,"{'a': -3.47, 'b': -0.0594, 'deltaT': 3}",39.678937036607905
40.0,280.0,monocrystalline,1.0,"{'a': -2.98, 'b': -0.0471, 'deltaT': 1}",39.49523982661537
40.0,280.0,polycrystalline,1.0,"{'a': -3.47, 'b': -0.0594, 'deltaT': 3}",36.14296343878424
40.0,280.0,polycrystalline,1.0,"{'a': -2.98, 'b': -0.0471, 'deltaT': 1}",35.95741070141805
40.0,280.0,thin-film,1.0,"{'a': -3.47, 'b': -0.0594, 'deltaT': 3}",32.14417361427336
40.0,280.0,thin-film,1.0,"{'a': -2.98, 'b': -0.0471, 'deltaT': 1}",32.077374628821545
40.0,280.0,bifacial,1.0,"{'a': -3.47, 'b': -0.0594, 'deltaT': 3}",37.80058636825528
40.0,280.0,bifacial,1.0,"{'a': -2.98, 'b': -0.0471, 'deltaT': 1}",37.64472206886768
40.0,320.0,monocrystalline,1.0,"{'a': -3.47, 'b': -0.0594, 'deltaT': 3}",34.079233913073104
40.0,320.0,monocrystalline,1.0,"{'a': -2.98, 'b': -0.0471, 'deltaT': 1}",33.958262456092356
40.0,320.0,polycrystalline,1.0,"{'a': -3.47, 'b': -0.0594, 'deltaT': 3}",31.051906811035735
40.0,320.0,polycrystalline,1.0,"{'a': -2.98, 'b': -0.0471, 'deltaT': 1}",30.929713420146097
40.0,320.0,thin-film,1.0,"{'a': -3.47, 'b': -0.0594, 'deltaT': 3}",27.56447674178897
40.0,320.0,thin-film,1.0,"{'a': -2.98, 'b': -0.0471, 'deltaT': 1}",27.5204871210687
40.0,320.0,bifacial,1.0,"{'a': -3.47, 'b': -0.0594, 'deltaT': 3}",32.455853500642945
40.0,320.0,bifacial,1.0,"{'a': -2.98, 'b': -0.0471, 'deltaT': 1}",32.353211052295656
40.0,360.0,monocrystalline,1.0,"{'a': -3.47, 'b': -0.0594, 'deltaT': 3}",36.76309440342917
40.0,360.0,monocrystalline,1.0,"{'a': -2.98, 'b': -0.0471, 'deltaT': 1}",36.6191925778377
40.0,360.0,polycrystalline,1.0,"{'a': -3.47, 'b': -0.0594, 'deltaT': 3}",33.5030128894283
40.0,360.0,polycrystalline,1.0,"{'a': -2.98, 'b': -0.0471, 'deltaT': 1}",33.35765751004298
40.0,360.0,thin-film,1.0,"{'a': -3.47, 'b': -0.0594, 'deltaT': 3}",29.709814523497656
40.0,360.0,thin-film,1.0,"{'a': -2.98, 'b': -0.0471, 'deltaT': 1}",29.65748658691894
40.0,360.0,bifacial,1.0,"{'a': -3.47, 'b': -0.0594, 'deltaT': 3}",35.00592578173779
40.0,360.0,bifacial,1.0,"{'a': -2.98, 'b': -0.0471, 'deltaT': 1}",34.883827263054116
50.0,0.0,monocrystalline,1.0,"{'a': -3.47, 'b': -0.0594, 'deltaT': 3}",31.304108842157323
50.0,0.0,monocrystalline,1.0,"{'a': -2.98, 'b': -0.0471, 'deltaT': 1}",31.197989072710346
50.0,0.0,polycrystalline,1.0,"{'a': -3.47, 'b': -0.0594, 'deltaT': 3}",28.536534559050022
50.0,0.0,polycrystalline,1.0,"{'a': -2.98, 'b': -0.0471, 'deltaT': 1}",28.42934287273994
50.0,0.0,thin-film,1.0,"{'a': -3.47, 'b': -0.0594, 'deltaT': 3}",25.260310618501755
50.0,0.0,thin-film,1.0,"{'a': -2.98, 'b': -0.0471, 'deltaT': 1}",25.221721611430123
50.0,0.0,bifacial,1.0,"{'a': -3.47, 'b': -0.0594, 'deltaT': 3}",29.799028320752363
50.0,0.0,bifacial,1.0,"{'a': -2.98, 'b': -0.0471, 'deltaT': 1}",29.708987304251895
50.0,40.0,monocrystalline,1.0,"{'a': -3.47, 'b': -0.0594, 'deltaT': 3}",42.78488995148558
50.0,40.0,monocrystalline,1.0,"{'a': -2.98, 'b': -0.0471, 'deltaT': 1}",42.475436452881375
50.0,40.0,polycrystalline,1.0,"{'a': -3.47, 'b': -0.0594, 'deltaT': 3}",38.9815139389685
50.0,40.0,polycrystalline,1.0,"{'a': -2.98, 'b': -0.0471, 'deltaT': 1}",38.6689346474491
50.0,40.0,thin-film,1.0,"{'a': -3.47, 'b': -0.0594, 'deltaT': 3}",34.61810158193463
50.0,40.0,thin-film,1.0,"{'a': -2.98, 'b': -0.0471, 'deltaT': 1}",34.50557303698765
50.0,40.0,bifacial,1.0,"{'a': -3.47, 'b': -0.0594, 'deltaT': 3}",40.7496548169192
50.0,40.0,bifacial,1.0,"{'a': -2.98, 'b': -0.0471, 'deltaT': 1}",40.48708821204289
50.0,80.0,monocrystalline,1.0,"{'a': -3.47, 'b': -0.0594, 'deltaT': 3}",56.150337013371434
50.0,80.0,monocrystalline,1.0,"{'a': -2.98, 'b': -0.0471, 'deltaT': 1}",55.58752852365848
50.0,80.0,polycrystalline,1.0,"{'a': -3.47, 'b': -0.0594, 'deltaT': 3}",51.13663044122529
50.0,80.0,polycrystalline,1.0,"{'a': -2.98, 'b': -0.0471, 'deltaT': 1}",50.568137017272825
50.0,80.0,thin-film,1.0,"{'a': -3.47, 'b': -0.0594, 'deltaT': 3}",45.53227198921864
50.0,80.0,thin-film,1.0,"{'a': -2.98, 'b': -0.0471, 'deltaT': 1}",45.32761435659575
50.0,80.0,bifacial,1.0,"{'a': -3.47, 'b': -0.0594, 'deltaT': 3}",53.50263597133163
50.0,80.0,bifacial,1.0,"{'a': -2.98, 'b': -0.0471, 'deltaT': 1}",53.02510149521155
50.0,120.0,monocrystalline,1.0,"{'a': -3.47, 'b': -0.0594, 'deltaT': 3}",63.55329408010165
50.0,120.0,monocrystalline,1.0,"{'a': -2.98, 'b': -0.0471, 'deltaT': 1}",62.91689633124073
50.0,120.0,polycrystalline,1.0,"{'a': -3.47, 'b': -0.0594, 'deltaT': 3}",57.87579924962871
50.0,120.0,polycrystalline,1.0,"{'a': -2.98, 'b': -0.0471, 'deltaT': 1}",57.232973240678284
50.0,120.0,thin-film,1.0,"{'a': -3.47, 'b': -0.0594, 'deltaT': 3}",51.54780158807886
50.0,120.0,thin-film,1.0,"{'a': -2.98, 'b': -0.0471, 'deltaT': 1}",51.31638422485671
50.0,120.0,bifacial,1.0,"{'a': -3.47, 'b': -0.0594, 'deltaT': 3}",60.55942675899299
50.0,120.0,bifacial,1.0,"{'a': -2.98, 'b': -0.0471, 'deltaT': 1}",60.01945291147463
50.0,160.0,monocrystalline,1.0,"{'a': -3.47, 'b': -0.0594, 'deltaT': 3}",61.695385035936575
50.0,160.0,monocrystalline,1.0,"{'a': -2.98, 'b': -0.0471, 'deltaT': 1}",61.1775195374805
50.0,160.0,polycrystalline,1.0,"{'a': -3.47, 'b': -0.0594, 'deltaT': 3}",56.19005420636508
50.0,160.0,polycrystalline,1.0,"{'a': -2.98, 'b': -0.0471, 'deltaT': 1}",55.66695774327815
50.0,160.0,thin-film,1.0,"{'a': -3.47, 'b': -0.0594, 'deltaT': 3}",50.01300988413662
50.0,160.0,thin-film,1.0,"{'a': -2.98, 'b': -0.0471, 'deltaT': 1}",49.824695157425325
50.0,160.0,bifacial,1.0,"{'a': -3.47, 'b': -0.0594, 'deltaT': 3}",58.782541788286466
50.0,160.0,bifacial,1.0,"{'a': -2.98, 'b': -0.0471, 'deltaT': 1}",58.34314075929345
50.0,200.0,monocrystalline,1.0,"{'a': -3.47, 'b': -0.0594, 'deltaT': 3}",53.48435311536679
50.0,200.0,monocrystalline,1.0,"{'a': -2.98, 'b': -0.0471, 'deltaT': 1}",53.119650863309424
50.0,200.0,polycrystalline,1.0,"{'a': -3.47, 'b': -0.0594, 'deltaT': 3}",48.71256142668438
50.0,200.0,polycrystalline,1.0,"{'a': -2.98, 'b': -0.0471, 'deltaT': 1}",48.34417531349513
50.0,200.0,thin-film,1.0,"{'a': -3.47, 'b': -0.0594, 'deltaT': 3}",43.35302523717544
50.0,200.0,thin-film,1.0,"{'a': -2.98, 'b': -0.0471, 'deltaT': 1}",43.22040623642731
50.0,200.0,bifacial,1.0,"{'a': -3.47, 'b': -0.0594, 'deltaT': 3}",50.95830281313618
50.0,200.0,bifacial,1.0,"{'a': -2.98, 'b': -0.0471, 'deltaT': 1}",50.64885847805721
50.0,240.0,monocrystalline,1.0,"{'a': -3.47, 'b': -0.0594, 'deltaT': 3}",43.99572795127697
50.0,240.0,monocrystalline,1.0,"{'a': -2.98, 'b': -0.0471, 'deltaT': 1}",43.75240394184268
50.0,240.0,polycrystalline,1.0,"{'a': -3.47, 'b': -0.0594, 'deltaT': 3}",40.07129478263055
50.0,240.0,polycrystalline,1.0,"{'a': -2.98, 'b': -0.0471, 'deltaT': 1}",39.825512954919155
50.0,240.0,thin-film,1.0,"{'a': -3.47, 'b': -0.0594, 'deltaT': 3}",35.6582016026131
50.0,240.0,thin-film,1.0,"{'a': -2.98, 'b': -0.0471, 'deltaT': 1}",35.569720144636996
50.0,240.0,bifacial,1.0,"{'a': -3.47, 'b': -0.0594, 'deltaT': 3}",41.916984748857594
50.0,240.0,bifacial,1.0,"{'a': -2.98, 'b': -0.0471, 'deltaT': 1}",41.71052801358001
50.0,280.0,monocrystalline,1.0,"{'a': -3.47, 'b': -0.0594, 'deltaT': 3}",35.709433667947515
50.0,280.0,monocrystalline,1.0,"{'a': -2.98, 'b': -0.0471, 'deltaT': 1}",35.558963620370776
50.0,280.0,polycrystalline,1.0,"{'a': -3.47, 'b': -0.0594, 'deltaT': 3}",32.53147227932954
50.0,280.0,polycrystalline,1.0,"{'a': -2.98, 'b': -0.0471, 'deltaT': 1}",32.37948233228234
50.0,280.0,thin-film,1.0,"{'a': -3.47, 'b': -0.0594, 'deltaT': 3}",28.909230931123016
50.0,280.0,thin-film,1.0,"{'a': -2.98, 'b': -0.0471, 'deltaT': 1}",28.854514550186025
50.0,280.0,bifacial,1.0,"{'a': -3.47, 'b': -0.0594, 'deltaT': 3}",34.01450929096741
50.0,280.0,bifacial,1.0,"{'a': -2.98, 'b': -0.0471, 'deltaT': 1}",33.886837735447756
50.0,320.0,monocrystalline,1.0,"{'a': -3.47, 'b': -0.0594, 'deltaT': 3}",29.439809077061863
50.0,320.0,monocrystalline,1.0,"{'a': -2.98, 'b': -0.0471, 'deltaT': 1}",29.351282479591077
50.0,320.0,polycrystalline,1.0,"{'a': -3.47, 'b': -0.0594, 'deltaT': 3}",26.831185026737092
50.0,320.0,polycrystalline,1.0,"{'a': -2.98, 'b': -0.0471, 'deltaT': 1}",26.741764221211046
50.0,320.0,thin-film,1.0,"{'a': -3.47, 'b': -0.0594, 'deltaT': 3}",23.782366485259494
50.0,320.0,thin-film,1.0,"{'a': -2.98, 'b': -0.0471, 'deltaT': 1}",23.75017499527012
50.0,320.0,bifacial,1.0,"{'a': -3.47, 'b': -0.0594, 'deltaT': 3}",28.03052759631688
50.0,320.0,bifacial,1.0,"{'a': -2.98, 'b': -0.0471, 'deltaT': 1}",27.955414119674998
50.0,360.0,monocrystalline,1.0,"{'a': -3.47, 'b': -0.0594, 'deltaT': 3}",31.304108842157316
50.0,360.0,monocrystalline,1.0,"{'a': -2.98, 'b': -0.0471, 'deltaT': 1}",31.19798907271034
50.0,360.0,polycrystalline,1.0,"{'a': -3.47, 'b': -0.0594, 'deltaT': 3}",28.53653455905002
50.0,360.0,polycrystalline,1.0,"{'a': -2.98, 'b': -0.0471, 'deltaT': 1}",28.42934287273994
50.0,360.0,thin-film,1.0,"{'a': -3.47, 'b': -0.0594, 'deltaT': 3}",25.260310618501755
50.0,360.0,thin-film,1.0,"{'a': -2.98, 'b': -0.0471, 'deltaT': 1}",25.221721611430123
50.0,360.0,bifacial,1.0,"{'a': -3.47, 'b': -0.0594, 'deltaT': 3}",29.799028320752363
50.0,360.0,bifacial,1.0,"{'a': -2.98, 'b': -0.0471, 'deltaT': 1}",29.708987304251895
60.0,0.0,monocrystalline,1.0,"{'a': -3.47, 'b': -0.0594, 'deltaT': 3}",26.352274210901253
60.0,0.0,monocrystalline,1.0,"{'a': -2.98, 'b': -0.0471, 'deltaT': 1}",26.27166827871776
60.0,0.0,polycrystalline,1.0,"{'a': -3.47, 'b': -0.0594, 'deltaT': 3}",24.02948156789807
60.0,0.0,polycrystalline,1.0,"{'a': -2.98, 'b': -0.0471, 'deltaT': 1}",23.948061434379383
60.0,0.0,thin-film,1.0,"{'a': -3.47, 'b': -0.0594, 'deltaT': 3}",21.23304270706487
60.0,0.0,thin-film,1.0,"{'a': -2.98, 'b': -0.0471, 'deltaT': 1}",21.203731458998146
60.0,0.0,bifacial,1.0,"{'a': -3.47, 'b': -0.0594, 'deltaT': 3}",25.077931483609433
60.0,0.0,bifacial,1.0,"{'a': -2.98, 'b': -0.0471, 'deltaT': 1}",25.009538571453735
60.0,40.0,monocrystalline,1.0,"{'a': -3.47, 'b': -0.0594, 'deltaT': 3}",38.895089296337645
60.0,40.0,monocrystalline,1.0,"{'a': -2.98, 'b': -0.0471, 'deltaT': 1}",38.60015671099624
60.0,40.0,polycrystalline,1.0,"{'a': -3.47, 'b': -0.0594, 'deltaT': 3}",35.44046708718198
60.0,40.0,polycrystalline,1.0,"{'a': -2.98, 'b': -0.0471, 'deltaT': 1}",35.14255538481692
60.0,40.0,thin-film,1.0,"{'a': -3.47, 'b': -0.0594, 'deltaT': 3}",31.45742738061133
60.0,40.0,thin-film,1.0,"{'a': -2.98, 'b': -0.0471, 'deltaT': 1}",31.35017916775992
60.0,40.0,bifacial,1.0,"{'a': -3.47, 'b': -0.0594, 'deltaT': 3}",37.04177094237623
60.0,40.0,bifacial,1.0,"{'a': -2.98, 'b': -0.0471, 'deltaT': 1}",36.7915251123896
60.0,80.0,monocrystalline,1.0,"{'a': -3.47, 'b': -0.0594, 'deltaT': 3}",53.07240050559295
60.0,80.0,monocrystalline,1.0,"{'a': -2.98, 'b': -0.0471, 'deltaT': 1}",52.50701473415042
60.0,80.0,polycrystalline,1.0,"{'a': -3.47, 'b': -0.0594, 'deltaT': 3}",48.33424187360883
60.0,80.0,polycrystalline,1.0,"{'a': -2.98, 'b': -0.0471, 'deltaT': 1}",47.76314513477801
60.0,80.0,thin-film,1.0,"{'a': -3.47, 'b': -0.0594, 'deltaT': 3}",43.03315041439833
60.0,80.0,thin-film,1.0,"{'a': -2.98, 'b': -0.0471, 'deltaT': 1}",42.82755558841922
60.0,80.0,bifacial,1.0,"{'a': -3.47, 'b': -0.0594, 'deltaT': 3}",50.56908336156998
60.0,80.0,bifacial,1.0,"{'a': -2.98, 'b': -0.0471, 'deltaT': 1}",50.08936210095207
60.0,120.0,monocrystalline,1.0,"{'a': -3.47, 'b': -0.0594, 'deltaT': 3}",60.83341323350297
60.0,120.0,monocrystalline,1.0,"{'a': -2.98, 'b': -0.0471, 'deltaT': 1}",60.205396086589204
60.0,120.0,polycrystalline,1.0,"{'a': -3.47, 'b': -0.0594, 'deltaT': 3}",55.40273257795132
60.0,120.0,polycrystalline,1.0,"{'a': -2.98, 'b': -0.0471, 'deltaT': 1}",54.76837182349296
60.0,120.0,thin-film,1.0,"{'a': -3.47, 'b': -0.0594, 'deltaT': 3}",49.32445927277914
60.0,120.0,thin-film,1.0,"{'a': -2.98, 'b': -0.0471, 'deltaT': 1}",49.09608940117413
60.0,120.0,bifacial,1.0,"{'a': -3.47, 'b': -0.0594, 'deltaT': 3}",57.963646966202255
60.0,120.0,bifacial,1.0,"{'a': -2.98, 'b': -0.0471, 'deltaT': 1}",57.43078393245723
60.0,160.0,monocrystalline,1.0,"{'a': -3.47, 'b': -0.0594, 'deltaT': 3}",58.40583932841257
60.0,160.0,monocrystalline,1.0,"{'a': -2.98, 'b': -0.0471, 'deltaT': 1}",57.924959537157925
60.0,160.0,polycrystalline,1.0,"{'a': -3.47, 'b': -0.0594, 'deltaT': 3}",53.201740753254676
60.0,160.0,polycrystalline,1.0,"{'a': -2.98, 'b': -0.0471, 'deltaT': 1}",52.71600359037119
60.0,160.0,thin-film,1.0,"{'a': -3.47, 'b': -0.0594, 'deltaT': 3}",47.311741495288445
60.0,160.0,thin-film,1.0,"{'a': -2.98, 'b': -0.0471, 'deltaT': 1}",47.13687611665039
60.0,160.0,bifacial,1.0,"{'a': -3.47, 'b': -0.0594, 'deltaT': 3}",55.64022910877932
60.0,160.0,bifacial,1.0,"{'a': -2.98, 'b': -0.0471, 'deltaT': 1}",55.2322098919572
60.0,200.0,monocrystalline,1.0,"{'a': -3.47, 'b': -0.0594, 'deltaT': 3}",49.49815984353391
60.0,200.0,monocrystalline,1.0,"{'a': -2.98, 'b': -0.0471, 'deltaT': 1}",49.17911986408523
60.0,200.0,polycrystalline,1.0,"{'a': -3.47, 'b': -0.0594, 'deltaT': 3}",45.088876495519585
60.0,200.0,polycrystalline,1.0,"{'a': -2.98, 'b': -0.0471, 'deltaT': 1}",44.76661389001586
60.0,200.0,thin-film,1.0,"{'a': -3.47, 'b': -0.0594, 'deltaT': 3}",40.091022274782894
60.0,200.0,thin-film,1.0,"{'a': -2.98, 'b': -0.0471, 'deltaT': 1}",39.97500773680155
60.0,200.0,bifacial,1.0,"{'a': -3.47, 'b': -0.0594, 'deltaT': 3}",47.15316665372372
60.0,200.0,bifacial,1.0,"{'a': -2.98, 'b': -0.0471, 'deltaT': 1}",46.882466065100594
60.0,240.0,monocrystalline,1.0,"{'a': -3.47, 'b': -0.0594, 'deltaT': 3}",39.95072362362739
60.0,240.0,monocrystalline,1.0,"{'a': -2.98, 'b': -0.0471, 'deltaT': 1}",39.746031204907645
60.0,240.0,polycrystalline,1.0,"{'a': -3.47, 'b': -0.0594, 'deltaT': 3}",36.391809168955774
60.0,240.0,polycrystalline,1.0,"{'a': -2.98, 'b': -0.0471, 'deltaT': 1}",36.18504915004695
60.0,240.0,thin-film,1.0,"{'a': -3.47, 'b': -0.0594, 'deltaT': 3}",32.35859289205161
60.0,240.0,thin-film,1.0,"{'a': -2.98, 'b': -0.0471, 'deltaT': 1}",32.284159285244435
60.0,240.0,bifacial,1.0,"{'a': -3.47, 'b': -0.0594, 'deltaT': 3}",38.05816365406689
60.0,240.0,bifacial,1.0,"{'a': -2.98, 'b': -0.0471, 'deltaT': 1}",37.88448523818348
60.0,280.0,monocrystalline,1.0,"{'a': -3.47, 'b': -0.0594, 'deltaT': 3}",31.77416100190271
60.0,280.0,monocrystalline,1.0,"{'a': -2.98, 'b': -0.0471, 'deltaT': 1}",31.653929571586037
60.0,280.0,polycrystalline,1.0,"{'a': -3.47, 'b': -0.0594, 'deltaT': 3}",28.950574720934657
60.0,280.0,polycrystalline,1.0,"{'a': -2.98, 'b': -0.0471, 'deltaT': 1}",28.8291288317259
60.0,280.0,thin-film,1.0,"{'a': -3.47, 'b': -0.0594, 'deltaT': 3}",25.704658674225517
60.0,280.0,thin-film,1.0,"{'a': -2.98, 'b': -0.0471, 'deltaT': 1}",25.660938154110365
60.0,280.0,bifacial,1.0,"{'a': -3.47, 'b': -0.0594, 'deltaT': 3}",30.261658455741962
60.0,280.0,bifacial,1.0,"{'a': -2.98, 'b': -0.0471, 'deltaT': 1}",30.15964390880661
60.0,320.0,monocrystalline,1.0,"{'a': -3.47, 'b': -0.0594, 'deltaT': 3}",25.596985550406174
60.0,320.0,monocrystalline,1.0,"{'a': -2.98, 'b': -0.0471, 'deltaT': 1}",25.53133289622438
60.0,320.0,polycrystalline,1.0,"{'a': -3.47, 'b': -0.0594, 'deltaT': 3}",23.333892196541115
60.0,320.0,polycrystalline,1.0,"{'a': -2.98, 'b': -0.0471, 'deltaT': 1}",23.267576384236275
60.0,320.0,thin-film,1.0,"{'a': -3.47, 'b': -0.0594, 'deltaT': 3}",20.65541418119528
60.0,320.0,thin-film,1.0,"{'a': -2.98, 'b': -0.0471, 'deltaT': 1}",20.631540488765538
60.0,320.0,bifacial,1.0,"{'a': -3.47, 'b': -0.0594, 'deltaT': 3}",24.36638560804361
60.0,320.0,bifacial,1.0,"{'a': -2.98, 'b': -0.0471, 'deltaT': 1}",24.310680325707548
60.0,360.0,monocrystalline,1.0,"{'a': -3.47, 'b': -0.0594, 'deltaT': 3}",26.352274210901253
60.0,360.0,monocrystalline,1.0,"{'a': -2.98, 'b': -0.0471, 'deltaT': 1}",26.27166827871776
60.0,360.0,polycrystalline,1.0,"{'a': -3.47, 'b': -0.0594, 'deltaT': 3}",24.029481567898063
60.0,360.0,polycrystalline,1.0,"{'a': -2.98, 'b': -0.0471, 'deltaT': 1}",23.94806143437938
60.0,360.0,thin-film,1.0,"{'a': -3.47, 'b': -0.0594, 'deltaT': 3}",21.23304270706487
60.0,360.0,thin-film,1.0,"{'a': -2.98, 'b': -0.0471, 'deltaT': 1}",21.203731458998142
60.0,360.0,bifacial,1.0,"{'a': -3.47, 'b': -0.0594, 'deltaT': 3}",25.077931483609426
60.0,360.0,bifacial,1.0,"{'a': -2.98, 'b': -0.0471, 'deltaT': 1}",25.009538571453735
70.0,0.0,monocrystalline,1.0,"{'a': -3.47, 'b': -0.0594, 'deltaT': 3}",22.77904664089445
70.0,0.0,monocrystalline,1.0,"{'a': -2.98, 'b': -0.0471, 'deltaT': 1}",22.713534315937665
70.0,0.0,polycrystalline,1.0,"{'a': -3.47, 'b': -0.0594, 'deltaT': 3}",20.774569472629643
70.0,0.0,polycrystalline,1.0,"{'a': -2.98, 'b': -0.0471, 'deltaT': 1}",20.708395407016734
70.0,0.0,thin-film,1.0,"{'a': -3.47, 'b': -0.0594, 'deltaT': 3}",18.338848155739345
70.0,0.0,thin-film,1.0,"{'a': -2.98, 'b': -0.0471, 'deltaT': 1}",18.315025492118696
70.0,0.0,bifacial,1.0,"{'a': -3.47, 'b': -0.0594, 'deltaT': 3}",21.673972913628273
70.0,0.0,bifacial,1.0,"{'a': -2.98, 'b': -0.0471, 'deltaT': 1}",21.61838669851343
70.0,40.0,monocrystalline,1.0,"{'a': -3.47, 'b': -0.0594, 'deltaT': 3}",35.01628185057953
70.0,40.0,monocrystalline,1.0,"{'a': -2.98, 'b': -0.0471, 'deltaT': 1}",34.74026326382543
70.0,40.0,polycrystalline,1.0,"{'a': -3.47, 'b': -0.0594, 'deltaT': 3}",31.908413111748196
70.0,40.0,polycrystalline,1.0,"{'a': -2.98, 'b': -0.0471, 'deltaT': 1}",31.629606458461225
70.0,40.0,thin-film,1.0,"{'a': -3.47, 'b': -0.0594, 'deltaT': 3}",28.31025189997808
70.0,40.0,thin-film,1.0,"{'a': -2.98, 'b': -0.0471, 'deltaT': 1}",28.209881504794776
70.0,40.0,bifacial,1.0,"{'a': -3.47, 'b': -0.0594, 'deltaT': 3}",33.34543158377077
70.0,40.0,bifacial,1.0,"{'a': -2.98, 'b': -0.0471, 'deltaT': 1}",33.11123399500971
70.0,80.0,monocrystalline,1.0,"{'a': -3.47, 'b': -0.0594, 'deltaT': 3}",49.21239589165505
70.0,80.0,monocrystalline,1.0,"{'a': -2.98, 'b': -0.0471, 'deltaT': 1}",48.665528834658204
70.0,80.0,polycrystalline,1.0,"{'a': -3.47, 'b': -0.0594, 'deltaT': 3}",44.82081696410147
70.0,80.0,polycrystalline,1.0,"{'a': -2.98, 'b': -0.0471, 'deltaT': 1}",44.268425997437994
70.0,80.0,thin-film,1.0,"{'a': -3.47, 'b': -0.0594, 'deltaT': 3}",39.894448947849995
70.0,80.0,thin-film,1.0,"{'a': -2.98, 'b': -0.0471, 'deltaT': 1}",39.695588199851144
70.0,80.0,bifacial,1.0,"{'a': -3.47, 'b': -0.0594, 'deltaT': 3}",46.88907979903492
70.0,80.0,bifacial,1.0,"{'a': -2.98, 'b': -0.0471, 'deltaT': 1}",46.4250713870376
70.0,120.0,monocrystalline,1.0,"{'a': -3.47, 'b': -0.0594, 'deltaT': 3}",56.801285234645995
70.0,120.0,monocrystalline,1.0,"{'a': -2.98, 'b': -0.0471, 'deltaT': 1}",56.20893281397067
70.0,120.0,polycrystalline,1.0,"{'a': -3.47, 'b': -0.0594, 'deltaT': 3}",51.73668699113398
70.0,120.0,polycrystalline,1.0,"{'a': -2.98, 'b': -0.0471, 'deltaT': 1}",51.13835121267405
70.0,120.0,thin-film,1.0,"{'a': -3.47, 'b': -0.0594, 'deltaT': 3}",46.027581509977445
70.0,120.0,thin-film,1.0,"{'a': -2.98, 'b': -0.0471, 'deltaT': 1}",45.812180629731856
70.0,120.0,bifacial,1.0,"{'a': -3.47, 'b': -0.0594, 'deltaT': 3}",54.115295925451676
70.0,120.0,bifacial,1.0,"{'a': -2.98, 'b': -0.0471, 'deltaT': 1}",53.61269387154533
70.0,160.0,monocrystalline,1.0,"{'a': -3.47, 'b': -0.0594, 'deltaT': 3}",53.81438718774898
70.0,160.0,monocrystalline,1.0,"{'a': -2.98, 'b': -0.0471, 'deltaT': 1}",53.390209940722634
70.0,160.0,polycrystalline,1.0,"{'a': -3.47, 'b': -0.0594, 'deltaT': 3}",49.02915863687316
70.0,160.0,polycrystalline,1.0,"{'a': -2.98, 'b': -0.0471, 'deltaT': 1}",48.60069677118999
70.0,160.0,thin-film,1.0,"{'a': -3.47, 'b': -0.0594, 'deltaT': 3}",43.54850505574756
70.0,160.0,thin-film,1.0,"{'a': -2.98, 'b': -0.0471, 'deltaT': 1}",43.39425878410162
70.0,160.0,bifacial,1.0,"{'a': -3.47, 'b': -0.0594, 'deltaT': 3}",51.255940789713044
70.0,160.0,bifacial,1.0,"{'a': -2.98, 'b': -0.0471, 'deltaT': 1}",50.896032822539176
70.0,200.0,monocrystalline,1.0,"{'a': -3.47, 'b': -0.0594, 'deltaT': 3}",44.72965693011534
70.0,200.0,monocrystalline,1.0,"{'a': -2.98, 'b': -0.0471, 'deltaT': 1}",44.46462021771879
70.0,200.0,polycrystalline,1.0,"{'a': -3.47, 'b': -0.0594, 'deltaT': 3}",40.7533368683929
70.0,200.0,polycrystalline,1.0,"{'a': -2.98, 'b': -0.0471, 'deltaT': 1}",40.48562301748728
70.0,200.0,thin-film,1.0,"{'a': -3.47, 'b': -0.0594, 'deltaT': 3}",36.1919362946164
70.0,200.0,thin-film,1.0,"{'a': -2.98, 'b': -0.0471, 'deltaT': 1}",36.09555930829037
70.0,200.0,bifacial,1.0,"{'a': -3.47, 'b': -0.0594, 'deltaT': 3}",42.60197770022585
70.0,200.0,bifacial,1.0,"{'a': -2.98, 'b': -0.0471, 'deltaT': 1}",42.377098065465134
70.0,240.0,monocrystalline,1.0,"{'a': -3.47, 'b': -0.0594, 'deltaT': 3}",35.488096405168854
70.0,240.0,monocrystalline,1.0,"{'a': -2.98, 'b': -0.0471, 'deltaT': 1}",35.32334940483512
70.0,240.0,polycrystalline,1.0,"{'a': -3.47, 'b': -0.0594, 'deltaT': 3}",32.331799592542346
70.0,240.0,polycrystalline,1.0,"{'a': -2.98, 'b': -0.0471, 'deltaT': 1}",32.165388481094105
70.0,240.0,thin-film,1.0,"{'a': -3.47, 'b': -0.0594, 'deltaT': 3}",28.72119327711569
70.0,240.0,thin-film,1.0,"{'a': -2.98, 'b': -0.0471, 'deltaT': 1}",28.66128527699433
70.0,240.0,bifacial,1.0,"{'a': -3.47, 'b': -0.0594, 'deltaT': 3}",33.801612655880184
70.0,240.0,bifacial,1.0,"{'a': -2.98, 'b': -0.0471, 'deltaT': 1}",33.661827322263676
70.0,280.0,monocrystalline,1.0,"{'a': -3.47, 'b': -0.0594, 'deltaT': 3}",27.81211078816835
70.0,280.0,monocrystalline,1.0,"{'a': -2.98, 'b': -0.0471, 'deltaT': 1}",27.71937492360385
70.0,280.0,polycrystalline,1.0,"{'a': -3.47, 'b': -0.0594, 'deltaT': 3}",25.344431629906193
70.0,280.0,polycrystalline,1.0,"{'a': -2.98, 'b': -0.0471, 'deltaT': 1}",25.250759039437003
70.0,280.0,thin-film,1.0,"{'a': -3.47, 'b': -0.0594, 'deltaT': 3}",22.482237898248574
70.0,280.0,thin-film,1.0,"{'a': -2.98, 'b': -0.0471, 'deltaT': 1}",22.448515765679666
70.0,280.0,bifacial,1.0,"{'a': -3.47, 'b': -0.0594, 'deltaT': 3}",26.48419465691989
70.0,280.0,bifacial,1.0,"{'a': -2.98, 'b': -0.0471, 'deltaT': 1}",26.40550968092577
70.0,320.0,monocrystalline,1.0,"{'a': -3.47, 'b': -0.0594, 'deltaT': 3}",22.198944157664755
70.0,320.0,monocrystalline,1.0,"{'a': -2.98, 'b': -0.0471, 'deltaT': 1}",22.15053676442513
70.0,320.0,polycrystalline,1.0,"{'a': -3.47, 'b': -0.0594, 'deltaT': 3}",20.239873832525166
70.0,320.0,polycrystalline,1.0,"{'a': -2.98, 'b': -0.0471, 'deltaT': 1}",20.19097747571746
70.0,320.0,thin-film,1.0,"{'a': -3.47, 'b': -0.0594, 'deltaT': 3}",17.897202709445562
70.0,320.0,thin-film,1.0,"{'a': -2.98, 'b': -0.0471, 'deltaT': 1}",17.879600020994786
70.0,320.0,bifacial,1.0,"{'a': -3.47, 'b': -0.0594, 'deltaT': 3}",21.127934958663115
70.0,320.0,bifacial,1.0,"{'a': -2.98, 'b': -0.0471, 'deltaT': 1}",21.086862018944643
70.0,360.0,monocrystalline,1.0,"{'a': -3.47, 'b': -0.0594, 'deltaT': 3}",22.77904664089445
70.0,360.0,monocrystalline,1.0,"{'a': -2.98, 'b': -0.0471, 'deltaT': 1}",22.713534315937665
70.0,360.0,polycrystalline,1.0,"{'a': -3.47, 'b': -0.0594, 'deltaT': 3}",20.77456947262964
70.0,360.0,polycrystalline,1.0,"{'a': -2.98, 'b': -0.0471, 'deltaT': 1}",20.708395407016738
70.0,360.0,thin-film,1.0,"{'a': -3.47, 'b': -0.0594, 'deltaT': 3}",18.338848155739342
70.0,360.0,thin-film,1.0,"{'a': -2.98, 'b': -0.0471, 'deltaT': 1}",18.315025492118696
70.0,360.0,bifacial,1.0,"{'a': -3.47, 'b': -0.0594, 'deltaT': 3}",21.673972913628273
70.0,360.0,bifacial,1.0,"{'a': -2.98, 'b': -0.0471, 'deltaT': 1}",21.61838669851343
80.0,0.0,monocrystalline,1.0,"{'a': -3.47, 'b': -0.0594, 'deltaT': 3}",19.837819841009377
80.0,0.0,monocrystalline,1.0,"{'a': -2.98, 'b': -0.0471, 'deltaT': 1}",19.783653578624634
80.0,0.0,polycrystalline,1.0,"{'a': -3.47, 'b': -0.0594, 'deltaT': 3}",18.093532080547224
80.0,0.0,polycrystalline,1.0,"{'a': -2.98, 'b': -0.0471, 'deltaT': 1}",18.038818684198993
80.0,0.0,thin-film,1.0,"{'a': -3.47, 'b': -0.0594, 'deltaT': 3}",15.964766675219913
80.0,0.0,thin-film,1.0,"{'a': -2.98, 'b': -0.0471, 'deltaT': 1}",15.945069852534553
80.0,0.0,bifacial,1.0,"{'a': -3.47, 'b': -0.0594, 'deltaT': 3}",18.87399283007969
80.0,0.0,bifacial,1.0,"{'a': -2.98, 'b': -0.0471, 'deltaT': 1}",18.828033577147174
80.0,40.0,monocrystalline,1.0,"{'a': -3.47, 'b': -0.0594, 'deltaT': 3}",31.089258646542483
80.0,40.0,monocrystalline,1.0,"{'a': -2.98, 'b': -0.0471, 'deltaT': 1}",30.838331773103913
80.0,40.0,polycrystalline,1.0,"{'a': -3.47, 'b': -0.0594, 'deltaT': 3}",28.3319364511975
80.0,40.0,polycrystalline,1.0,"{'a': -2.98, 'b': -0.0471, 'deltaT': 1}",28.078474962875703
80.0,40.0,thin-film,1.0,"{'a': -3.47, 'b': -0.0594, 'deltaT': 3}",25.12628296172892
80.0,40.0,thin-film,1.0,"{'a': -2.98, 'b': -0.0471, 'deltaT': 1}",25.035036825933073
80.0,40.0,bifacial,1.0,"{'a': -3.47, 'b': -0.0594, 'deltaT': 3}",29.603687778732827
80.0,40.0,bifacial,1.0,"{'a': -2.98, 'b': -0.0471, 'deltaT': 1}",29.390780128542524
80.0,80.0,monocrystalline,1.0,"{'a': -3.47, 'b': -0.0594, 'deltaT': 3}",44.64528367888843
80.0,80.0,monocrystalline,1.0,"{'a': -2.98, 'b': -0.0471, 'deltaT': 1}",44.13813469994797
80.0,80.0,polycrystalline,1.0,"{'a': -3.47, 'b': -0.0594, 'deltaT': 3}",40.66472848318932
80.0,80.0,polycrystalline,1.0,"{'a': -2.98, 'b': -0.0471, 'deltaT': 1}",40.15245678728985
80.0,80.0,thin-film,1.0,"{'a': -3.47, 'b': -0.0594, 'deltaT': 3}",36.176478067464025
80.0,80.0,thin-film,1.0,"{'a': -2.98, 'b': -0.0471, 'deltaT': 1}",35.99206025694021
80.0,80.0,bifacial,1.0,"{'a': -3.47, 'b': -0.0594, 'deltaT': 3}",42.53394029780186
80.0,80.0,bifacial,1.0,"{'a': -2.98, 'b': -0.0471, 'deltaT': 1}",42.10363207324631
80.0,120.0,monocrystalline,1.0,"{'a': -3.47, 'b': -0.0594, 'deltaT': 3}",51.80140725629212
80.0,120.0,monocrystalline,1.0,"{'a': -2.98, 'b': -0.0471, 'deltaT': 1}",51.26833923415014
80.0,120.0,polycrystalline,1.0,"{'a': -3.47, 'b': -0.0594, 'deltaT': 3}",47.19059146283808
80.0,120.0,polycrystalline,1.0,"{'a': -2.98, 'b': -0.0471, 'deltaT': 1}",46.652138915219915
80.0,120.0,thin-film,1.0,"{'a': -3.47, 'b': -0.0594, 'deltaT': 3}",41.94015585720816
80.0,120.0,thin-film,1.0,"{'a': -2.98, 'b': -0.0471, 'deltaT': 1}",41.74631294006562
80.0,120.0,bifacial,1.0,"{'a': -3.47, 'b': -0.0594, 'deltaT': 3}",49.343474635123165
80.0,120.0,bifacial,1.0,"{'a': -2.98, 'b': -0.0471, 'deltaT': 1}",48.891174495123906
80.0,160.0,monocrystalline,1.0,"{'a': -3.47, 'b': -0.0594, 'deltaT': 3}",48.112979680509994
80.0,160.0,monocrystalline,1.0,"{'a': -2.98, 'b': -0.0471, 'deltaT': 1}",47.759294064593576
80.0,160.0,polycrystalline,1.0,"{'a': -3.47, 'b': -0.0594, 'deltaT': 3}",43.84593848410891
80.0,160.0,polycrystalline,1.0,"{'a': -2.98, 'b': -0.0471, 'deltaT': 1}",43.48868028621354
80.0,160.0,thin-film,1.0,"{'a': -3.47, 'b': -0.0594, 'deltaT': 3}",38.88426798037716
80.0,160.0,thin-film,1.0,"{'a': -2.98, 'b': -0.0471, 'deltaT': 1}",38.755655029134815
80.0,160.0,bifacial,1.0,"{'a': -3.47, 'b': -0.0594, 'deltaT': 3}",45.81381670902291
80.0,160.0,bifacial,1.0,"{'a': -2.98, 'b': -0.0471, 'deltaT': 1}",45.51371982279079
80.0,200.0,monocrystalline,1.0,"{'a': -3.47, 'b': -0.0594, 'deltaT': 3}",39.132894802775034
80.0,200.0,monocrystalline,1.0,"{'a': -2.98, 'b': -0.0471, 'deltaT': 1}",38.92598726761232
80.0,200.0,polycrystalline,1.0,"{'a': -3.47, 'b': -0.0594, 'deltaT': 3}",35.66320881703086
80.0,200.0,polycrystalline,1.0,"{'a': -2.98, 'b': -0.0471, 'deltaT': 1}",35.4542113067655
80.0,200.0,thin-film,1.0,"{'a': -3.47, 'b': -0.0594, 'deltaT': 3}",31.622498446074914
80.0,200.0,thin-film,1.0,"{'a': -2.98, 'b': -0.0471, 'deltaT': 1}",31.547259342379387
80.0,200.0,bifacial,1.0,"{'a': -3.47, 'b': -0.0594, 'deltaT': 3}",37.261884456506294
80.0,200.0,bifacial,1.0,"{'a': -2.98, 'b': -0.0471, 'deltaT': 1}",37.086326547883395
80.0,240.0,monocrystalline,1.0,"{'a': -3.47, 'b': -0.0594, 'deltaT': 3}",30.670617494536778
80.0,240.0,monocrystalline,1.0,"{'a': -2.98, 'b': -0.0471, 'deltaT': 1}",30.545320608318868
80.0,240.0,polycrystalline,1.0,"{'a': -3.47, 'b': -0.0594, 'deltaT': 3}",27.94808963725248
80.0,240.0,polycrystalline,1.0,"{'a': -2.98, 'b': -0.0471, 'deltaT': 1}",27.82152712592126
80.0,240.0,thin-film,1.0,"{'a': -3.47, 'b': -0.0594, 'deltaT': 3}",24.798446150998927
80.0,240.0,thin-film,1.0,"{'a': -2.98, 'b': -0.0471, 'deltaT': 1}",24.752883646919685
80.0,240.0,bifacial,1.0,"{'a': -3.47, 'b': -0.0594, 'deltaT': 3}",29.207502915909657
80.0,240.0,bifacial,1.0,"{'a': -2.98, 'b': -0.0471, 'deltaT': 1}",29.10119040639142
80.0,280.0,monocrystalline,1.0,"{'a': -3.47, 'b': -0.0594, 'deltaT': 3}",23.90314823489006
80.0,280.0,monocrystalline,1.0,"{'a': -2.98, 'b': -0.0471, 'deltaT': 1}",23.83452700469391
80.0,280.0,polycrystalline,1.0,"{'a': -3.47, 'b': -0.0594, 'deltaT': 3}",21.785673842544675
80.0,280.0,polycrystalline,1.0,"{'a': -2.98, 'b': -0.0471, 'deltaT': 1}",21.71635946860917
80.0,280.0,thin-film,1.0,"{'a': -3.47, 'b': -0.0594, 'deltaT': 3}",19.307195407100174
80.0,280.0,thin-film,1.0,"{'a': -2.98, 'b': -0.0471, 'deltaT': 1}",19.282242232483394
80.0,280.0,bifacial,1.0,"{'a': -3.47, 'b': -0.0594, 'deltaT': 3}",22.75832545920912
80.0,280.0,bifacial,1.0,"{'a': -2.98, 'b': -0.0471, 'deltaT': 1}",22.7001013851033
80.0,320.0,monocrystalline,1.0,"{'a': -3.47, 'b': -0.0594, 'deltaT': 3}",19.056367548476413
80.0,320.0,monocrystalline,1.0,"{'a': -2.98, 'b': -0.0471, 'deltaT': 1}",19.02141768641059
80.0,320.0,polycrystalline,1.0,"{'a': -3.47, 'b': -0.0594, 'deltaT': 3}",17.37711763078433
80.0,320.0,polycrystalline,1.0,"{'a': -2.98, 'b': -0.0471, 'deltaT': 1}",17.341814739808754
80.0,320.0,thin-film,1.0,"{'a': -3.47, 'b': -0.0594, 'deltaT': 3}",15.352411353991078
80.0,320.0,thin-film,1.0,"{'a': -2.98, 'b': -0.0471, 'deltaT': 1}",15.339702313239874
80.0,320.0,bifacial,1.0,"{'a': -3.47, 'b': -0.0594, 'deltaT': 3}",18.134364534767784
80.0,320.0,bifacial,1.0,"{'a': -2.98, 'b': -0.0471, 'deltaT': 1}",18.104710106348303
80.0,360.0,monocrystalline,1.0,"{'a': -3.47, 'b': -0.0594, 'deltaT': 3}",19.837819841009377
80.0,360.0,monocrystalline,1.0,"{'a': -2.98, 'b': -0.0471, 'deltaT': 1}",19.78365357862463
80.0,360.0,polycrystalline,1.0,"{'a': -3.47, 'b': -0.0594, 'deltaT': 3}",18.093532080547217
80.0,360.0,polycrystalline,1.0,"{'a': -2.98, 'b': -0.0471, 'deltaT': 1}",18.038818684198993
80.0,360.0,thin-film,1.0,"{'a': -3.47, 'b': -0.0594, 'deltaT': 3}",15.964766675219913
80.0,360.0,thin-film,1.0,"{'a': -2.98, 'b': -0.0471, 'deltaT': 1}",15.945069852534553
80.0,360.0,bifacial,1.0,"{'a': -3.47, 'b': -0.0594, 'deltaT': 3}",18.873992830079686
80.0,360.0,bifacial,1.0,"{'a': -2.98, 'b': -0.0471, 'deltaT': 1}",18.828033577147174
90.0,0.0,monocrystalline,1.0,"{'a': -3.47, 'b': -0.0594, 'deltaT': 3}",16.98238371519916
90.0,0.0,monocrystalline,1.0,"{'a': -2.98, 'b': -0.0471, 'deltaT': 1}",16.938592889180406
90.0,0.0,polycrystalline,1.0,"{'a': -3.47, 'b': -0.0594, 'deltaT': 3}",15.490127650212363
90.0,0.0,polycrystalline,1.0,"{'a': -2.98, 'b': -0.0471, 'deltaT': 1}",15.44589449261766
90.0,0.0,thin-film,1.0,"{'a': -3.47, 'b': -0.0594, 'deltaT': 3}",13.662491085022054
90.0,0.0,thin-film,1.0,"{'a': -2.98, 'b': -0.0471, 'deltaT': 1}",13.646567148287962
90.0,0.0,bifacial,1.0,"{'a': -3.47, 'b': -0.0594, 'deltaT': 3}",16.15628033265723
90.0,0.0,bifacial,1.0,"{'a': -2.98, 'b': -0.0471, 'deltaT': 1}",16.119124480277684
90.0,40.0,monocrystalline,1.0,"{'a': -3.47, 'b': -0.0594, 'deltaT': 3}",27.072226910711326
90.0,40.0,monocrystalline,1.0,"{'a': -2.98, 'b': -0.0471, 'deltaT': 1}",26.852543999973243
90.0,40.0,polycrystalline,1.0,"{'a': -3.47, 'b': -0.0594, 'deltaT': 3}",24.673305007063338
90.0,40.0,polycrystalline,1.0,"{'a': -2.98, 'b': -0.0471, 'deltaT': 1}",24.45140307702487
90.0,40.0,thin-film,1.0,"{'a': -3.47, 'b': -0.0594, 'deltaT': 3}",21.87015048443422
90.0,40.0,thin-film,1.0,"{'a': -2.98, 'b': -0.0471, 'deltaT': 1}",21.79026578962037
90.0,40.0,bifacial,1.0,"{'a': -3.47, 'b': -0.0594, 'deltaT': 3}",25.776372026668753
90.0,40.0,bifacial,1.0,"{'a': -2.98, 'b': -0.0471, 'deltaT': 1}",25.58997440543644
90.0,80.0,monocrystalline,1.0,"{'a': -3.47, 'b': -0.0594, 'deltaT': 3}",39.55236386731633
90.0,80.0,monocrystalline,1.0,"{'a': -2.98, 'b': -0.0471, 'deltaT': 1}",39.10369264417592
90.0,80.0,polycrystalline,1.0,"{'a': -3.47, 'b': -0.0594, 'deltaT': 3}",36.03051432235816
90.0,80.0,polycrystalline,1.0,"{'a': -2.98, 'b': -0.0471, 'deltaT': 1}",35.577311066660776
90.0,80.0,thin-film,1.0,"{'a': -3.47, 'b': -0.0594, 'deltaT': 3}",32.02883544348662
90.0,80.0,thin-film,1.0,"{'a': -2.98, 'b': -0.0471, 'deltaT': 1}",31.865682271435563
90.0,80.0,bifacial,1.0,"{'a': -3.47, 'b': -0.0594, 'deltaT': 3}",37.67701825367329
90.0,80.0,bifacial,1.0,"{'a': -2.98, 'b': -0.0471, 'deltaT': 1}",37.29632751888748
90.0,120.0,monocrystalline,1.0,"{'a': -3.47, 'b': -0.0594, 'deltaT': 3}",45.79771396822499
90.0,120.0,monocrystalline,1.0,"{'a': -2.98, 'b': -0.0471, 'deltaT': 1}",45.34279437119841
90.0,120.0,polycrystalline,1.0,"{'a': -3.47, 'b': -0.0594, 'deltaT': 3}",41.730847053723124
90.0,120.0,polycrystalline,1.0,"{'a': -2.98, 'b': -0.0471, 'deltaT': 1}",41.27133230925184
90.0,120.0,thin-film,1.0,"{'a': -3.47, 'b': -0.0594, 'deltaT': 3}",37.03632955680494
90.0,120.0,thin-film,1.0,"{'a': -2.98, 'b': -0.0471, 'deltaT': 1}",36.87090424879528
90.0,120.0,bifacial,1.0,"{'a': -3.47, 'b': -0.0594, 'deltaT': 3}",43.61460998747477
90.0,120.0,bifacial,1.0,"{'a': -2.98, 'b': -0.0471, 'deltaT': 1}",43.228617602118895
90.0,160.0,monocrystalline,1.0,"{'a': -3.47, 'b': -0.0594, 'deltaT': 3}",41.47604959472939
90.0,160.0,monocrystalline,1.0,"{'a': -2.98, 'b': -0.0471, 'deltaT': 1}",41.199627634171485
90.0,160.0,polycrystalline,1.0,"{'a': -3.47, 'b': -0.0594, 'deltaT': 3}",37.80971740518137
90.0,160.0,polycrystalline,1.0,"{'a': -2.98, 'b': -0.0471, 'deltaT': 1}",37.53050330360773
90.0,160.0,thin-film,1.0,"{'a': -3.47, 'b': -0.0594, 'deltaT': 3}",33.46596968717356
90.0,160.0,thin-film,1.0,"{'a': -2.98, 'b': -0.0471, 'deltaT': 1}",33.36545261060705
90.0,160.0,bifacial,1.0,"{'a': -3.47, 'b': -0.0594, 'deltaT': 3}",39.481345950861126
90.0,160.0,bifacial,1.0,"{'a': -2.98, 'b': -0.0471, 'deltaT': 1}",39.24680610553926
90.0,200.0,monocrystalline,1.0,"{'a': -3.47, 'b': -0.0594, 'deltaT': 3}",32.996662106567335
90.0,200.0,monocrystalline,1.0,"{'a': -2.98, 'b': -0.0471, 'deltaT': 1}",32.84634076603384
90.0,200.0,polycrystalline,1.0,"{'a': -3.47, 'b': -0.0594, 'deltaT': 3}",30.080186943803735
90.0,200.0,polycrystalline,1.0,"{'a': -2.98, 'b': -0.0471, 'deltaT': 1}",29.928347205891125
90.0,200.0,thin-film,1.0,"{'a': -3.47, 'b': -0.0594, 'deltaT': 3}",26.62277273057737
90.0,200.0,thin-film,1.0,"{'a': -2.98, 'b': -0.0471, 'deltaT': 1}",26.56811042492883
90.0,200.0,bifacial,1.0,"{'a': -3.47, 'b': -0.0594, 'deltaT': 3}",31.40943136699826
90.0,200.0,bifacial,1.0,"{'a': -2.98, 'b': -0.0471, 'deltaT': 1}",31.281885987151668
90.0,240.0,monocrystalline,1.0,"{'a': -3.47, 'b': -0.0594, 'deltaT': 3}",25.73221837825998
90.0,240.0,monocrystalline,1.0,"{'a': -2.98, 'b': -0.0471, 'deltaT': 1}",25.642867958303274
90.0,240.0,polycrystalline,1.0,"{'a': -3.47, 'b': -0.0594, 'deltaT': 3}",23.45288916211648
90.0,240.0,polycrystalline,1.0,"{'a': -2.98, 'b': -0.0471, 'deltaT': 1}",23.362636212665254
90.0,240.0,thin-film,1.0,"{'a': -3.47, 'b': -0.0594, 'deltaT': 3}",20.78379808193393
90.0,240.0,thin-film,1.0,"{'a': -2.98, 'b': -0.0471, 'deltaT': 1}",20.75130702013149
90.0,240.0,bifacial,1.0,"{'a': -3.47, 'b': -0.0594, 'deltaT': 3}",24.49961055645584
90.0,240.0,bifacial,1.0,"{'a': -2.98, 'b': -0.0471, 'deltaT': 1}",24.423798078916814
90.0,280.0,monocrystalline,1.0,"{'a': -3.47, 'b': -0.0594, 'deltaT': 3}",19.95423866385652
90.0,280.0,monocrystalline,1.0,"{'a': -2.98, 'b': -0.0471, 'deltaT': 1}",19.906433591539376
90.0,280.0,polycrystalline,1.0,"{'a': -3.47, 'b': -0.0594, 'deltaT': 3}",18.18973264968224
90.0,280.0,polycrystalline,1.0,"{'a': -2.98, 'b': -0.0471, 'deltaT': 1}",18.141444697846747
90.0,280.0,thin-film,1.0,"{'a': -3.47, 'b': -0.0594, 'deltaT': 3}",16.10337469899827
90.0,280.0,thin-film,1.0,"{'a': -2.98, 'b': -0.0471, 'deltaT': 1}",16.085991036337493
90.0,280.0,bifacial,1.0,"{'a': -3.47, 'b': -0.0594, 'deltaT': 3}",18.99523634883245
90.0,280.0,bifacial,1.0,"{'a': -2.98, 'b': -0.0471, 'deltaT': 1}",18.95467446929064
90.0,320.0,monocrystalline,1.0,"{'a': -3.47, 'b': -0.0594, 'deltaT': 3}",16.07580004526765
90.0,320.0,monocrystalline,1.0,"{'a': -2.98, 'b': -0.0471, 'deltaT': 1}",16.05137729439393
90.0,320.0,polycrystalline,1.0,"{'a': -3.47, 'b': -0.0594, 'deltaT': 3}",14.660918513976283
90.0,320.0,polycrystalline,1.0,"{'a': -2.98, 'b': -0.0471, 'deltaT': 1}",14.636249068649295
90.0,320.0,thin-film,1.0,"{'a': -3.47, 'b': -0.0594, 'deltaT': 3}",12.943430545693356
90.0,320.0,thin-film,1.0,"{'a': -2.98, 'b': -0.0471, 'deltaT': 1}",12.93454954537564
90.0,320.0,bifacial,1.0,"{'a': -3.47, 'b': -0.0594, 'deltaT': 3}",15.296199283108594
90.0,320.0,bifacial,1.0,"{'a': -2.98, 'b': -0.0471, 'deltaT': 1}",15.275476949033923
90.0,360.0,monocrystalline,1.0,"{'a': -3.47, 'b': -0.0594, 'deltaT': 3}",16.982383715199155
90.0,360.0,monocrystalline,1.0,"{'a': -2.98, 'b': -0.0471, 'deltaT': 1}",16.938592889180406
90.0,360.0,polycrystalline,1.0,"{'a': -3.47, 'b': -0.0594, 'deltaT': 3}",15.490127650212363
90.0,360.0,polycrystalline,1.0,"{'a': -2.98, 'b': -0.0471, 'deltaT': 1}",15.44589449261766
90.0,360.0,thin-film,1.0,"{'a': -3.47, 'b': -0.0594, 'deltaT': 3}",13.662491085022054
90.0,360.0,thin-film,1.0,"{'a': -2.98, 'b': -0.0471, 'deltaT': 1}",13.64656714828796
90.0,360.0,bifacial,1.0,"{'a': -3.47, 'b': -0.0594, 'deltaT': 3}",16.15628033265723
90.0,360.0,bifacial,1.0,"{'a': -2.98, 'b': -0.0471, 'deltaT': 1}",16.119124480277684
